觀測時間(hour),測站氣壓(hPa),海平面氣壓(hPa),氣溫(℃),露點溫度(℃),相對溼度(%),風速(m/s),風向(360degree),最大瞬間風(m/s),最大瞬間風風向(360degree),降水量(mm),降水時數(h),日照時數(h),全天空日射量(MJ/㎡),能見度(km),紫外線指數,總雲量(0~10),date
01,1006.2,1009.7,27.9,25.5,87,3.2,90,7.9,80,0.0,0.0,--,0.00,--,0,--,2023-10-01
02,1005.7,1009.2,27.7,25.5,88,3.2,90,8.1,60,0.0,0.0,--,0.00,--,0,--,2023-10-01
03,1005.5,1009.0,27.5,25.3,88,2.7,80,7.7,110,0.0,0.0,--,0.00,--,0,--,2023-10-01
04,1005.5,1009.0,27.3,25.0,87,2.2,80,7.9,70,0.0,0.0,--,0.00,--,0,--,2023-10-01
05,1006.0,1009.5,27.2,24.9,87,3.0,90,8.5,60,0.0,0.0,--,0.00,--,0,--,2023-10-01
06,1006.6,1010.1,27.2,24.9,87,2.9,90,9.5,80,0.0,0.0,0.0,0.01,--,0,--,2023-10-01
07,1007.4,1010.9,27.3,24.6,85,2.8,90,8.5,90,0.0,0.0,0.1,0.24,--,0,--,2023-10-01
08,1007.9,1011.4,28.4,24.4,79,3.0,100,7.7,100,0.0,0.0,0.9,1.06,30.0,1,3.0,2023-10-01
09,1008.5,1012.0,28.8,23.7,74,3.6,90,9.8,100,0.0,0.0,0.5,1.33,30.0,3,6.0,2023-10-01
10,1008.4,1011.9,29.7,23.7,70,3.4,90,8.8,80,0.0,0.0,0.6,1.86,--,5,--,2023-10-01
11,1008.1,1011.5,30.1,24.3,71,2.9,80,8.5,70,0.0,0.0,0.5,2.10,30.0,6,6.0,2023-10-01
12,1007.6,1011.0,30.5,24.4,70,3.4,90,9.5,100,0.0,0.0,0.7,2.51,--,8,--,2023-10-01
13,1006.9,1010.3,31.1,24.3,67,3.6,90,10.9,110,0.0,0.0,0.9,3.16,--,9,--,2023-10-01
14,1006.8,1010.3,29.3,25.5,80,4.0,80,11.9,70,0.0,0.0,0.4,1.50,30.0,5,9.0,2023-10-01
15,1006.6,1010.1,29.3,25.3,79,3.0,80,12.1,70,0.0,0.0,0.5,1.48,--,3,--,2023-10-01
16,1007.0,1010.5,26.8,25.4,92,3.9,100,9.6,70,1.5,0.6,0.0,0.23,--,1,--,2023-10-01
17,1007.0,1010.5,26.9,25.1,90,2.6,70,9.1,90,3.0,0.4,0.0,0.15,20.0,0,8.0,2023-10-01
18,1007.5,1011.0,26.5,24.7,90,3.0,90,8.6,70,0.0,0.0,0.0,0.04,--,0,--,2023-10-01
19,1007.9,1011.4,26.4,24.4,89,2.0,80,7.3,80,0.0,0.0,0.0,0.00,--,0,--,2023-10-01
20,1008.6,1012.1,26.3,24.5,90,2.5,100,9.1,90,0.0,0.0,--,0.00,--,0,--,2023-10-01
21,1008.9,1012.4,26.6,24.1,86,2.7,90,7.5,100,0.0,0.0,--,0.00,--,0,--,2023-10-01
22,1009.2,1012.7,26.7,23.6,83,2.6,90,7.6,80,0.0,0.0,--,0.00,--,0,--,2023-10-01
23,1009.4,1012.9,26.6,23.7,84,1.4,140,6.9,80,0.0,0.0,--,0.00,--,0,--,2023-10-01
24,1009.3,1012.8,26.5,23.4,83,2.0,130,4.7,90,0.0,0.0,--,0.00,--,0,--,2023-10-01
01,1008.8,1012.3,26.6,23.3,82,1.3,110,4.4,140,0.0,0.0,--,0.00,--,0,--,2023-10-02
02,1008.5,1012.0,26.6,23.3,82,2.1,90,4.8,90,0.0,0.0,--,0.00,--,0,--,2023-10-02
03,1008.4,1011.9,26.6,23.1,81,1.7,90,6.0,80,0.0,0.0,--,0.00,--,0,--,2023-10-02
04,1008.6,1012.1,26.5,22.6,79,1.2,80,5.5,80,0.0,0.0,--,0.00,--,0,--,2023-10-02
05,1008.8,1012.3,26.6,22.2,77,1.5,40,4.4,30,0.0,0.0,--,0.00,--,0,--,2023-10-02
06,1009.1,1012.6,26.6,22.2,77,1.4,100,4.1,40,0.0,0.0,0.0,0.00,--,0,--,2023-10-02
07,1009.6,1013.1,26.4,23.1,82,0.5,120,3.2,80,0.0,0.0,0.0,0.04,--,0,--,2023-10-02
08,1009.9,1013.4,26.3,23.2,83,2.1,180,4.0,190,0.0,0.0,0.0,0.17,25.0,0,10.0,2023-10-02
09,1010.1,1013.6,26.3,24.0,87,1.2,110,4.8,150,T,0.3,0.0,0.25,20.0,1,10.0,2023-10-02
10,1010.0,1013.5,26.8,23.3,81,2.1,70,5.4,100,T,0.3,0.0,0.37,--,1,--,2023-10-02
11,1009.8,1013.3,27.3,23.1,78,2.0,80,7.4,80,0.0,0.0,0.0,0.77,15.0,3,9.0,2023-10-02
12,1009.2,1012.7,26.9,22.8,78,2.5,70,7.8,50,0.0,0.0,0.0,0.46,--,2,--,2023-10-02
13,1009.1,1012.6,26.9,21.9,74,3.3,80,9.1,70,0.0,0.0,0.0,0.49,--,2,--,2023-10-02
14,1008.7,1012.2,27.6,21.9,71,2.3,80,9.7,60,0.0,0.0,0.0,0.75,30.0,2,9.0,2023-10-02
15,1008.1,1011.6,27.9,21.2,67,3.4,80,10.2,80,0.0,0.0,0.6,1.85,--,4,--,2023-10-02
16,1007.6,1011.1,27.8,20.9,66,3.7,70,9.1,60,0.0,0.0,0.5,1.10,--,2,--,2023-10-02
17,1007.9,1011.4,27.0,21.3,71,2.7,80,7.9,80,0.0,0.0,0.3,0.42,18.0,1,7.0,2023-10-02
18,1008.5,1012.0,26.7,21.0,71,2.0,60,9.5,80,0.0,0.0,0.0,0.04,--,0,--,2023-10-02
19,1009.2,1012.7,26.4,20.3,69,2.5,80,7.0,50,0.0,0.0,0.0,0.00,--,0,--,2023-10-02
20,1009.7,1013.2,26.2,20.3,70,1.4,60,6.3,80,0.0,0.0,--,0.00,--,0,--,2023-10-02
21,1009.9,1013.4,25.9,20.5,72,1.8,130,3.8,110,0.0,0.0,--,0.00,--,0,--,2023-10-02
22,1009.7,1013.2,25.8,20.8,74,1.9,150,3.9,150,0.0,0.0,--,0.00,--,0,--,2023-10-02
23,1009.5,1013.0,25.6,21.1,76,1.5,140,3.2,130,0.0,0.0,--,0.00,--,0,--,2023-10-02
24,1008.9,1012.4,25.3,21.2,78,1.2,150,2.7,120,0.0,0.0,--,0.00,--,0,--,2023-10-02
01,1008.2,1011.7,24.9,21.2,80,1.2,140,2.8,140,0.0,0.0,--,0.00,--,0,--,2023-10-03
02,1007.5,1011.0,24.5,21.2,82,1.5,170,2.7,170,0.0,0.0,--,0.00,--,0,--,2023-10-03
03,1006.9,1010.4,24.2,21.1,83,1.4,160,2.6,160,0.0,0.0,--,0.00,--,0,--,2023-10-03
04,1006.8,1010.3,24.1,20.8,82,1.2,180,2.9,140,0.0,0.0,--,0.00,--,0,--,2023-10-03
05,1006.9,1010.4,24.1,19.8,77,1.8,170,3.7,170,0.0,0.0,--,0.00,--,0,--,2023-10-03
06,1007.3,1010.8,24.1,19.8,77,1.2,160,4.0,180,0.0,0.0,0.0,0.00,--,0,--,2023-10-03
07,1007.8,1011.3,24.6,20.3,77,1.1,170,2.8,160,0.0,0.0,0.0,0.14,--,0,--,2023-10-03
08,1007.7,1011.2,25.7,20.1,71,0.7,200,3.8,170,0.0,0.0,0.0,0.25,30.0,1,9.0,2023-10-03
09,1007.9,1011.4,26.2,20.1,69,2.2,160,3.9,150,0.0,0.0,0.0,0.53,30.0,1,9.0,2023-10-03
10,1008.0,1011.5,24.9,23.0,89,1.7,130,4.9,120,T,0.2,0.0,0.35,--,1,--,2023-10-03
11,1007.2,1010.7,24.2,22.8,92,1.8,210,3.0,230,T,1.0,0.0,0.28,12.0,1,10.0,2023-10-03
12,1006.6,1010.1,24.8,22.9,89,2.3,160,3.8,160,T,0.9,0.0,0.22,--,1,--,2023-10-03
13,1005.8,1009.3,25.1,23.2,89,1.1,170,3.7,160,0.0,0.0,0.0,0.29,--,1,--,2023-10-03
14,1004.9,1008.4,25.4,23.8,91,2.1,160,3.0,160,T,0.5,0.0,0.24,15.0,1,10.0,2023-10-03
15,1004.7,1008.2,25.2,24.2,94,1.0,220,2.8,170,T,1.0,0.0,0.15,--,1,--,2023-10-03
16,1004.8,1008.3,25.0,24.5,97,1.0,200,2.8,220,1.0,1.0,0.0,0.08,--,0,--,2023-10-03
17,1005.0,1008.5,25.4,24.9,97,0.8,180,2.4,210,T,1.0,0.0,0.06,15.0,0,10.0,2023-10-03
18,1005.0,1008.5,25.7,25.4,98,0.9,190,2.8,180,1.0,1.0,0.0,0.01,--,0,--,2023-10-03
19,1005.0,1008.5,25.7,25.4,98,1.6,210,3.3,180,0.5,0.3,0.0,0.00,--,0,--,2023-10-03
20,1005.5,1009.0,26.0,25.7,98,0.9,140,2.9,160,T,0.1,--,0.00,--,0,--,2023-10-03
21,1005.7,1009.2,26.0,25.7,98,1.7,160,3.1,260,0.5,0.3,--,0.00,--,0,--,2023-10-03
22,1005.6,1009.1,26.2,25.7,97,1.6,50,4.4,20,0.5,0.3,--,0.00,--,0,--,2023-10-03
23,1005.4,1008.9,25.9,25.6,98,0.7,120,4.9,360,T,0.3,--,0.00,--,0,--,2023-10-03
24,1005.2,1008.7,25.9,25.4,97,3.0,90,8.0,90,1.0,0.3,--,0.00,--,0,--,2023-10-03
01,1004.5,1008.0,25.5,25.2,98,1.0,100,6.8,80,T,0.2,--,0.00,--,0,--,2023-10-04
02,1004.1,1007.6,25.5,25.3,99,0.8,360,3.6,70,0.5,0.1,--,0.00,--,0,--,2023-10-04
03,1003.6,1007.1,25.9,25.6,98,1.3,70,4.9,340,0.5,0.3,--,0.00,--,0,--,2023-10-04
04,1003.5,1007.0,26.0,25.5,97,1.4,10,6.2,60,0.5,0.2,--,0.00,--,0,--,2023-10-04
05,1003.6,1007.1,26.0,25.5,97,1.8,60,8.3,60,1.0,0.2,--,0.00,--,0,--,2023-10-04
06,1004.2,1007.7,26.3,25.3,94,1.9,50,4.8,90,T,0.1,0.0,0.00,--,0,--,2023-10-04
07,1004.6,1008.1,26.4,25.5,95,2.1,50,6.6,10,0.5,0.1,0.0,0.04,--,0,--,2023-10-04
08,1005.0,1008.5,27.2,25.4,90,3.5,20,8.6,40,T,0.9,0.0,0.12,12.0,0,10.0,2023-10-04
09,1004.7,1008.2,26.9,25.7,93,2.8,10,6.9,360,T,0.7,0.0,0.18,10.0,1,10.0,2023-10-04
10,1004.8,1008.3,26.8,25.4,92,3.9,20,8.5,20,0.5,1.0,0.0,0.31,--,1,--,2023-10-04
11,1004.1,1007.6,26.6,25.9,96,1.1,10,7.1,360,0.5,1.0,0.0,0.31,5.0,1,10.0,2023-10-04
12,1003.2,1006.7,26.7,26.0,96,1.0,V,5.2,40,T,1.0,0.0,0.22,--,1,--,2023-10-04
13,1002.3,1005.8,26.7,25.3,92,2.2,40,5.4,10,0.5,1.0,0.0,0.22,--,1,--,2023-10-04
14,1001.9,1005.4,26.1,25.6,97,2.0,10,9.7,30,T,1.0,0.0,0.20,6.0,1,10.0,2023-10-04
15,1001.8,1005.3,26.8,25.6,93,2.7,50,8.0,50,T,0.3,0.0,0.21,--,1,--,2023-10-04
16,1001.5,1005.0,26.9,25.5,92,3.0,40,9.7,30,0.5,1.0,0.0,0.25,--,1,--,2023-10-04
17,1002.0,1005.5,26.5,25.5,94,1.7,50,13.9,60,0.5,1.0,0.0,0.13,7.0,0,8.0,2023-10-04
18,1002.1,1005.6,26.7,25.5,93,2.2,80,9.4,30,0.5,1.0,0.0,0.03,--,0,--,2023-10-04
19,1002.1,1005.6,26.6,25.2,92,5.1,30,10.5,50,T,0.1,0.0,0.00,--,0,--,2023-10-04
20,1002.7,1006.2,26.5,25.3,93,1.4,40,9.4,40,0.5,0.2,--,0.00,--,0,--,2023-10-04
21,1002.9,1006.4,26.2,25.7,97,2.3,80,8.3,100,3.0,0.6,--,0.00,--,0,--,2023-10-04
22,1003.2,1006.7,26.1,25.8,98,2.9,130,6.6,70,0.5,0.3,--,0.00,--,0,--,2023-10-04
23,1003.1,1006.6,26.1,25.6,97,1.6,100,6.9,70,2.5,0.4,--,0.00,--,0,--,2023-10-04
24,1003.0,1006.5,25.6,25.3,98,2.5,80,7.3,90,8.5,0.8,--,0.00,--,0,--,2023-10-04
01,1002.4,1005.9,25.7,25.2,97,1.8,100,10.4,40,1.5,0.4,--,0.00,--,0,--,2023-10-05
02,1001.5,1005.0,25.6,25.1,97,2.2,100,7.2,50,1.0,0.3,--,0.00,--,0,--,2023-10-05
03,1001.2,1004.7,25.3,24.8,97,3.4,50,8.1,40,5.0,0.8,--,0.00,--,0,--,2023-10-05
04,1000.6,1004.1,25.2,24.9,98,2.7,70,8.5,30,7.5,0.6,--,0.00,--,0,--,2023-10-05
05,1001.0,1004.5,25.3,25.0,98,3.2,90,8.7,70,6.5,0.6,--,0.00,--,0,--,2023-10-05
06,1001.2,1004.7,25.6,25.1,97,2.6,90,8.9,50,2.0,0.3,0.0,0.00,--,0,--,2023-10-05
07,1001.7,1005.2,26.1,25.4,96,2.5,70,9.8,50,0.5,0.1,0.0,0.11,--,0,--,2023-10-05
08,1001.7,1005.2,26.8,26.1,96,2.1,80,8.4,50,0.5,0.5,0.0,0.45,14.0,1,9.0,2023-10-05
09,1002.0,1005.5,27.3,26.3,94,4.2,80,10.0,110,T,0.9,0.0,0.71,15.0,2,9.0,2023-10-05
10,1001.7,1005.1,28.3,24.5,80,4.3,90,13.9,110,0.0,0.0,0.2,1.23,--,4,--,2023-10-05
11,1001.0,1004.4,28.8,24.8,79,3.1,70,15.4,80,0.0,0.0,0.0,1.07,30.0,4,9.0,2023-10-05
12,1000.9,1004.3,29.5,24.8,76,4.9,90,14.8,100,0.0,0.0,0.1,1.31,--,5,--,2023-10-05
13,1000.6,1004.0,28.8,24.4,77,4.7,90,13.8,110,0.0,0.0,0.0,0.90,--,4,--,2023-10-05
14,1000.5,1003.9,27.9,25.5,87,3.1,70,13.0,100,T,0.4,0.0,0.63,15.0,2,9.0,2023-10-05
15,1000.2,1003.6,28.0,25.2,85,5.2,90,13.8,90,T,1.0,0.1,0.87,--,3,--,2023-10-05
16,1000.7,1004.1,29.2,24.1,74,4.8,100,14.5,90,T,0.3,0.6,1.43,--,2,--,2023-10-05
17,1001.5,1005.0,27.8,24.9,84,5.3,90,16.0,80,T,0.2,0.2,0.38,15.0,0,9.0,2023-10-05
18,1002.0,1005.5,26.6,25.7,95,4.5,90,11.5,100,1.0,1.0,0.0,0.03,--,0,--,2023-10-05
19,1002.7,1006.2,26.0,24.8,93,5.3,90,13.3,80,T,0.1,0.0,0.00,--,0,--,2023-10-05
20,1003.4,1006.9,25.8,24.4,92,5.2,90,15.3,50,0.5,0.1,--,0.00,--,0,--,2023-10-05
21,1003.4,1006.9,26.0,24.4,91,6.1,90,13.5,70,0.0,0.0,--,0.00,--,0,--,2023-10-05
22,1003.9,1007.4,26.5,24.5,89,4.4,90,15.9,80,0.0,0.0,--,0.00,--,0,--,2023-10-05
23,1003.8,1007.3,26.9,24.6,87,5.7,90,12.1,60,0.0,0.0,--,0.00,--,0,--,2023-10-05
24,1002.9,1006.4,27.4,23.9,81,6.1,100,14.5,80,0.0,0.0,--,0.00,--,0,--,2023-10-05
01,1003.3,1006.8,27.5,23.1,77,1.7,100,11.1,90,0.0,0.0,--,0.00,--,0,--,2023-10-06
02,1003.8,1007.3,28.0,23.2,75,2.8,90,10.2,60,0.0,0.0,--,0.00,--,0,--,2023-10-06
03,1003.7,1007.2,27.4,24.1,82,4.2,100,11.1,60,0.0,0.0,--,0.00,--,0,--,2023-10-06
04,1004.1,1007.6,27.3,23.8,81,2.8,100,10.8,80,0.0,0.0,--,0.00,--,0,--,2023-10-06
05,1004.6,1008.1,26.7,23.8,84,2.3,90,7.8,80,0.0,0.0,--,0.00,--,0,--,2023-10-06
06,1005.5,1009.0,26.8,23.7,83,1.2,70,7.7,80,0.0,0.0,0.0,0.01,--,0,--,2023-10-06
07,1006.2,1009.7,27.0,24.5,86,2.5,90,7.3,80,0.0,0.0,0.1,0.23,--,0,--,2023-10-06
08,1006.6,1010.1,27.9,24.6,82,1.7,60,6.7,90,0.0,0.0,0.5,0.96,30.0,1,8.0,2023-10-06
09,1006.9,1010.4,28.4,24.6,80,2.7,70,9.9,80,0.0,0.0,0.2,1.12,25.0,3,9.0,2023-10-06
10,1007.2,1010.7,27.3,24.6,85,3.0,80,10.6,90,T,0.1,0.1,0.94,--,3,--,2023-10-06
11,1006.6,1010.1,27.7,25.0,85,3.4,60,11.2,10,0.0,0.0,0.1,1.37,40.0,5,9.0,2023-10-06
12,1005.7,1009.2,28.2,25.0,83,3.4,90,12.1,90,0.0,0.0,0.1,1.97,--,7,--,2023-10-06
13,1005.0,1008.4,29.1,25.3,80,4.1,60,12.8,50,0.0,0.0,0.6,2.70,--,8,--,2023-10-06
14,1004.6,1008.1,28.5,25.1,82,3.9,70,12.3,60,0.0,0.0,0.7,2.54,25.0,7,8.0,2023-10-06
15,1004.4,1007.9,28.7,25.3,82,2.9,70,11.2,90,0.0,0.0,0.7,2.01,--,4,--,2023-10-06
16,1004.8,1008.3,29.0,25.4,81,2.9,40,9.8,60,0.0,0.0,0.3,0.97,--,2,--,2023-10-06
17,1005.3,1008.8,27.5,25.3,88,3.2,90,10.8,60,0.0,0.0,0.1,0.29,30.0,0,8.0,2023-10-06
18,1005.6,1009.1,27.3,25.1,88,3.2,90,9.0,80,0.0,0.0,0.0,0.02,--,0,--,2023-10-06
19,1006.4,1009.9,27.4,25.1,87,3.7,90,9.2,100,0.0,0.0,0.0,0.00,--,0,--,2023-10-06
20,1007.0,1010.5,26.6,25.4,93,3.1,80,8.8,80,0.5,0.2,--,0.00,--,0,--,2023-10-06
21,1007.2,1010.7,26.5,25.6,95,2.0,120,7.6,70,0.5,0.1,--,0.00,--,0,--,2023-10-06
22,1007.3,1010.8,26.5,25.8,96,1.2,140,3.3,100,0.0,0.0,--,0.00,--,0,--,2023-10-06
23,1007.1,1010.6,26.5,25.5,94,1.6,90,4.2,70,0.0,0.0,--,0.00,--,0,--,2023-10-06
24,1007.0,1010.5,26.4,25.0,92,1.8,100,6.1,80,0.0,0.0,--,0.00,--,0,--,2023-10-06
01,1006.6,1010.1,26.4,24.4,89,2.2,110,6.0,90,0.0,0.0,--,0.00,--,0,--,2023-10-07
02,1006.2,1009.7,26.6,24.3,87,1.3,100,4.2,120,0.0,0.0,--,0.00,--,0,--,2023-10-07
03,1006.0,1009.5,26.0,24.8,93,1.5,190,2.4,130,0.0,0.0,--,0.00,--,0,--,2023-10-07
04,1005.6,1009.1,25.9,24.9,94,1.4,200,2.0,230,0.0,0.0,--,0.00,--,0,--,2023-10-07
05,1006.2,1009.7,26.0,24.8,93,0.8,190,2.5,190,0.0,0.0,--,0.00,--,0,--,2023-10-07
06,1006.5,1010.0,25.7,24.7,94,0.7,140,1.4,160,0.0,0.0,0.0,0.00,--,0,--,2023-10-07
07,1007.0,1010.5,26.2,25.0,93,0.8,130,1.7,110,0.0,0.0,0.0,0.17,--,0,--,2023-10-07
08,1007.7,1011.2,26.8,24.5,87,0.7,180,2.1,140,0.0,0.0,0.0,0.52,30.0,1,9.0,2023-10-07
09,1007.8,1011.3,27.8,24.9,84,1.0,170,2.0,150,0.0,0.0,0.0,0.91,30.0,2,10.0,2023-10-07
10,1007.9,1011.4,28.5,24.9,81,1.5,160,2.6,160,0.0,0.0,0.0,1.17,--,4,--,2023-10-07
11,1007.7,1011.2,29.1,25.3,80,0.9,200,2.4,200,0.0,0.0,0.0,1.26,30.0,4,10.0,2023-10-07
12,1006.8,1010.2,30.2,24.4,71,1.6,210,3.8,220,0.0,0.0,0.1,1.80,--,6,--,2023-10-07
13,1006.3,1009.7,30.4,24.1,69,1.2,210,4.1,270,0.0,0.0,0.0,1.74,--,6,--,2023-10-07
14,1005.8,1009.2,30.8,25.4,73,1.5,240,4.0,220,0.0,0.0,0.1,1.46,25.0,4,10.0,2023-10-07
15,1005.7,1009.1,30.5,25.4,74,1.3,290,5.5,280,0.0,0.0,0.1,1.21,--,3,--,2023-10-07
16,1006.4,1009.8,29.6,25.8,80,3.1,320,7.1,300,0.0,0.0,0.0,0.49,--,1,--,2023-10-07
17,1006.9,1010.4,27.9,25.9,89,1.3,320,6.5,320,0.0,0.0,0.0,0.17,20.0,0,10.0,2023-10-07
18,1007.8,1011.3,26.9,25.3,91,2.0,330,5.7,320,0.0,0.0,0.0,0.01,--,0,--,2023-10-07
19,1008.4,1011.9,26.8,24.8,89,1.0,260,5.4,340,0.0,0.0,0.0,0.00,--,0,--,2023-10-07
20,1009.1,1012.6,26.4,25.2,93,1.3,300,3.4,270,T,0.1,--,0.00,--,0,--,2023-10-07
21,1009.8,1013.3,26.0,25.3,96,1.4,300,4.1,320,T,0.2,--,0.00,--,0,--,2023-10-07
22,1010.1,1013.6,25.5,25.0,97,1.4,290,4.9,310,2.0,0.5,--,0.00,--,0,--,2023-10-07
23,1010.1,1013.6,25.1,24.6,97,1.5,290,6.0,300,5.5,1.0,--,0.00,--,0,--,2023-10-07
24,1010.0,1013.5,25.0,24.7,98,1.2,240,4.3,330,2.0,0.3,--,0.00,--,0,--,2023-10-07
01,1009.8,1013.3,24.8,24.6,99,0.9,170,2.6,240,0.5,0.0,--,0.00,--,0,--,2023-10-08
02,1009.7,1013.2,24.8,24.6,99,1.0,210,1.8,180,0.0,0.0,--,0.00,--,0,--,2023-10-08
03,1009.6,1013.1,24.8,24.6,99,0.9,180,3.1,120,0.0,0.0,--,0.00,--,0,--,2023-10-08
04,1009.3,1012.8,24.7,24.5,99,0.6,180,2.1,160,0.5,0.1,--,0.00,--,0,--,2023-10-08
05,1009.8,1013.3,24.8,24.5,98,0.5,70,2.4,130,0.0,0.0,--,0.00,--,0,--,2023-10-08
06,1010.4,1013.9,24.5,24.2,98,0.8,50,2.3,130,0.0,0.0,0.0,0.00,--,0,--,2023-10-08
07,1011.1,1014.6,24.9,24.2,96,1.3,90,4.1,80,0.0,0.0,0.0,0.08,--,0,--,2023-10-08
08,1011.6,1015.1,25.4,24.2,93,2.1,110,5.8,80,0.0,0.0,0.0,0.42,10.0,1,10.0,2023-10-08
09,1011.8,1015.3,25.8,24.2,91,3.0,90,7.0,80,0.0,0.0,0.0,0.83,13.0,2,10.0,2023-10-08
10,1011.8,1015.3,26.5,24.4,88,2.8,100,8.5,80,0.0,0.0,0.0,1.32,--,4,--,2023-10-08
11,1011.4,1014.9,27.0,24.5,86,2.8,100,7.3,110,0.0,0.0,0.1,1.83,15.0,6,8.0,2023-10-08
12,1010.7,1014.2,27.1,24.4,85,3.9,100,9.1,100,0.0,0.0,0.1,2.11,--,7,--,2023-10-08
13,1010.1,1013.6,27.2,24.3,84,3.9,100,10.1,80,0.0,0.0,0.0,1.84,--,6,--,2023-10-08
14,1009.9,1013.4,26.9,24.2,85,3.1,90,9.0,80,0.0,0.0,0.0,1.28,25.0,4,10.0,2023-10-08
15,1009.9,1013.4,26.7,24.2,86,3.8,90,8.9,70,0.0,0.0,0.0,0.96,--,3,--,2023-10-08
16,1010.2,1013.7,26.3,24.0,87,3.6,90,9.7,90,0.0,0.0,0.0,0.47,--,1,--,2023-10-08
17,1010.9,1014.4,25.9,23.6,87,3.0,90,10.1,70,0.0,0.0,0.0,0.14,25.0,0,9.0,2023-10-08
18,1011.6,1015.1,25.1,24.1,94,3.0,90,7.7,70,0.5,0.3,0.0,0.01,--,0,--,2023-10-08
19,1012.3,1015.8,24.7,24.0,96,1.5,100,7.1,90,4.0,0.7,0.0,0.00,--,0,--,2023-10-08
20,1012.9,1016.4,24.7,24.2,97,1.9,100,6.9,80,4.0,0.7,--,0.00,--,0,--,2023-10-08
21,1013.2,1016.7,24.7,24.0,96,2.2,80,6.6,80,1.0,0.1,--,0.00,--,0,--,2023-10-08
22,1013.3,1016.8,24.6,24.1,97,2.2,90,5.8,80,1.0,0.1,--,0.00,--,0,--,2023-10-08
23,1013.0,1016.5,24.8,23.9,95,1.5,100,5.3,50,0.5,0.0,--,0.00,--,0,--,2023-10-08
24,1012.4,1015.9,24.9,24.0,95,2.4,80,7.9,90,0.0,0.0,--,0.00,--,0,--,2023-10-08
01,1011.7,1015.2,25.0,24.1,95,2.6,100,6.4,80,0.0,0.0,--,0.00,--,0,--,2023-10-09
02,1011.5,1015.0,24.8,24.1,96,2.3,100,7.8,80,0.0,0.0,--,0.00,--,0,--,2023-10-09
03,1011.2,1014.7,24.4,24.1,98,2.4,80,9.0,80,0.0,0.0,--,0.00,--,0,--,2023-10-09
04,1011.1,1014.6,24.6,24.1,97,3.3,90,9.1,90,0.5,0.0,--,0.00,--,0,--,2023-10-09
05,1011.2,1014.7,24.5,24.2,98,2.9,90,7.1,130,0.0,0.0,--,0.00,--,0,--,2023-10-09
06,1011.5,1015.0,24.8,24.3,97,2.4,90,8.8,80,T,0.1,0.0,0.00,--,0,--,2023-10-09
07,1011.9,1015.4,25.0,24.3,96,2.3,90,7.5,90,0.0,0.0,0.0,0.18,--,0,--,2023-10-09
08,1012.4,1015.9,25.3,24.1,93,2.7,80,8.8,80,0.0,0.0,0.0,0.64,10.0,1,9.0,2023-10-09
09,1012.7,1016.2,25.8,24.4,92,3.5,80,10.0,60,0.0,0.0,0.3,1.42,12.0,3,8.0,2023-10-09
10,1012.9,1016.4,24.8,24.1,96,3.3,90,11.0,90,T,0.8,0.0,1.13,--,4,--,2023-10-09
11,1012.5,1016.0,26.1,24.5,91,3.7,100,10.1,80,T,0.3,0.5,2.23,15.0,8,6.0,2023-10-09
12,1012.0,1015.5,26.8,24.3,86,3.0,80,11.4,60,0.0,0.0,0.7,2.78,--,10,--,2023-10-09
13,1011.6,1015.1,26.2,24.1,88,4.8,90,13.5,90,0.0,0.0,0.7,2.56,--,9,--,2023-10-09
14,1011.1,1014.6,26.4,24.1,87,3.8,90,11.0,90,0.0,0.0,0.1,1.36,25.0,5,9.0,2023-10-09
15,1011.4,1014.9,26.3,23.6,85,2.7,90,10.3,70,0.0,0.0,0.1,1.17,--,3,--,2023-10-09
16,1011.8,1015.3,25.8,23.7,88,3.5,90,8.6,70,0.0,0.0,0.0,0.52,--,1,--,2023-10-09
17,1012.2,1015.7,25.2,23.5,90,3.9,90,9.1,60,0.0,0.0,0.0,0.13,20.0,0,10.0,2023-10-09
18,1012.5,1016.0,25.2,23.6,91,2.9,100,9.2,60,0.0,0.0,0.0,0.01,--,0,--,2023-10-09
19,1013.6,1017.1,25.1,23.2,89,2.5,90,8.7,60,0.0,0.0,0.0,0.00,--,0,--,2023-10-09
20,1014.3,1017.8,24.8,22.9,89,3.4,90,8.6,80,0.0,0.0,--,0.00,--,0,--,2023-10-09
21,1014.6,1018.1,24.6,23.0,91,2.4,100,9.2,100,0.0,0.0,--,0.00,--,0,--,2023-10-09
22,1014.6,1018.1,24.6,22.9,90,2.3,100,8.4,90,0.0,0.0,--,0.00,--,0,--,2023-10-09
23,1014.5,1018.0,24.5,22.8,90,1.9,90,6.0,100,0.0,0.0,--,0.00,--,0,--,2023-10-09
24,1014.4,1017.9,24.3,22.6,90,1.5,80,6.8,80,0.0,0.0,--,0.00,--,0,--,2023-10-09
01,1013.8,1017.3,24.2,22.6,91,1.8,100,4.3,80,0.0,0.0,--,0.00,--,0,--,2023-10-10
02,1013.7,1017.2,24.3,22.6,90,1.7,100,4.9,90,0.0,0.0,--,0.00,--,0,--,2023-10-10
03,1013.6,1017.1,24.1,22.5,91,0.6,90,4.1,80,0.0,0.0,--,0.00,--,0,--,2023-10-10
04,1013.7,1017.2,23.8,22.4,92,1.7,100,4.6,80,0.0,0.0,--,0.00,--,0,--,2023-10-10
05,1013.8,1017.3,23.4,22.7,96,1.8,130,4.4,70,0.0,0.0,--,0.00,--,0,--,2023-10-10
06,1014.1,1017.6,23.7,22.1,91,1.9,100,5.7,90,0.0,0.0,0.0,0.00,--,0,--,2023-10-10
07,1014.7,1018.3,23.4,22.6,95,2.2,120,5.5,80,0.0,0.0,0.0,0.08,--,0,--,2023-10-10
08,1015.1,1018.6,24.1,22.9,93,2.3,120,6.8,120,0.0,0.0,0.0,0.45,10.0,1,10.0,2023-10-10
09,1015.2,1018.7,24.3,22.4,89,2.9,90,8.3,70,0.0,0.0,0.0,0.81,10.0,2,9.0,2023-10-10
10,1014.9,1018.4,25.7,23.2,86,3.3,110,9.3,90,0.0,0.0,0.2,1.58,--,5,--,2023-10-10
11,1014.0,1017.5,25.2,23.3,89,2.8,90,11.5,100,0.0,0.0,0.0,1.49,15.0,5,8.0,2023-10-10
12,1013.0,1016.5,26.3,23.6,85,3.7,90,9.9,60,0.0,0.0,0.0,1.60,--,6,--,2023-10-10
13,1012.2,1015.7,26.3,23.2,83,4.3,90,12.1,80,0.0,0.0,0.4,1.98,--,7,--,2023-10-10
14,1011.8,1015.3,25.5,23.4,88,3.7,80,11.5,60,0.0,0.0,0.0,1.35,10.0,4,10.0,2023-10-10
15,1011.5,1015.0,24.9,23.0,89,3.6,90,11.5,70,0.0,0.0,0.0,0.86,--,2,--,2023-10-10
16,1011.7,1015.2,25.3,22.6,85,4.0,90,10.8,80,0.0,0.0,0.0,0.75,--,1,--,2023-10-10
17,1011.8,1015.3,25.1,22.6,86,3.8,90,10.5,70,0.0,0.0,0.0,0.31,11.0,0,8.0,2023-10-10
18,1012.1,1015.6,24.5,23.3,93,3.2,90,10.5,70,0.0,0.0,0.0,0.02,--,0,--,2023-10-10
19,1012.9,1016.4,24.3,22.9,92,2.8,90,10.6,100,0.0,0.0,0.0,0.00,--,0,--,2023-10-10
20,1013.6,1017.1,24.1,22.4,90,3.9,90,9.5,90,0.0,0.0,--,0.00,--,0,--,2023-10-10
21,1014.2,1017.7,23.5,22.5,94,2.7,90,8.8,90,0.0,0.0,--,0.00,--,0,--,2023-10-10
22,1014.5,1018.0,24.1,21.6,86,3.5,100,8.1,80,0.0,0.0,--,0.00,--,0,--,2023-10-10
23,1014.9,1018.4,23.7,21.4,87,2.2,90,8.7,60,0.0,0.0,--,0.00,--,0,--,2023-10-10
24,1014.8,1018.4,23.3,21.4,89,2.4,80,8.7,60,0.0,0.0,--,0.00,--,0,--,2023-10-10
01,1014.5,1018.1,23.1,20.6,86,2.9,90,7.5,90,0.0,0.0,--,0.00,--,0,--,2023-10-11
02,1014.4,1018.0,23.0,20.9,88,2.4,120,7.4,70,0.0,0.0,--,0.00,--,0,--,2023-10-11
03,1014.4,1018.0,22.8,21.1,90,2.2,100,6.9,90,0.0,0.0,--,0.00,--,0,--,2023-10-11
04,1014.1,1017.7,23.0,20.7,87,2.4,100,6.9,50,0.0,0.0,--,0.00,--,0,--,2023-10-11
05,1014.1,1017.7,23.1,20.4,85,1.9,150,4.9,70,0.0,0.0,--,0.00,--,0,--,2023-10-11
06,1014.4,1018.0,23.1,20.6,86,1.8,100,6.1,110,0.0,0.0,0.0,0.00,--,0,--,2023-10-11
07,1015.1,1018.6,23.7,20.5,82,1.8,100,5.0,100,0.0,0.0,0.0,0.03,--,0,--,2023-10-11
08,1015.7,1019.2,24.1,20.2,79,1.7,100,5.9,80,0.0,0.0,0.0,0.12,20.0,0,9.0,2023-10-11
09,1015.9,1019.4,24.3,19.6,75,2.5,90,8.7,70,0.0,0.0,0.0,0.24,25.0,1,9.0,2023-10-11
10,1016.2,1019.7,24.2,20.1,78,3.3,100,8.7,90,0.0,0.0,0.0,0.64,--,2,--,2023-10-11
11,1015.5,1019.0,25.6,19.3,68,2.6,110,9.2,100,0.0,0.0,0.0,1.50,35.0,5,9.0,2023-10-11
12,1014.8,1018.3,26.0,19.2,66,3.6,90,10.3,80,0.0,0.0,0.0,1.62,--,5,--,2023-10-11
13,1014.3,1017.8,26.4,18.8,63,4.6,90,10.5,80,0.0,0.0,0.1,1.92,--,6,--,2023-10-11
14,1013.9,1017.4,26.5,18.9,63,3.6,90,10.0,90,0.0,0.0,0.2,1.83,40.0,5,9.0,2023-10-11
15,1013.6,1017.1,25.9,19.1,66,4.1,90,10.4,90,0.0,0.0,0.0,1.32,--,3,--,2023-10-11
16,1013.9,1017.4,25.7,19.4,68,3.4,90,10.7,90,0.0,0.0,0.0,0.76,--,1,--,2023-10-11
17,1014.3,1017.8,25.4,19.8,71,3.1,90,9.7,70,0.0,0.0,0.0,0.22,35.0,0,9.0,2023-10-11
18,1014.6,1018.1,25.0,20.1,74,2.1,100,10.8,90,0.0,0.0,0.0,0.01,--,0,--,2023-10-11
19,1015.2,1018.7,24.2,20.3,79,2.4,110,8.8,100,0.0,0.0,0.0,0.00,--,0,--,2023-10-11
20,1016.2,1019.8,23.8,20.2,80,2.6,100,8.6,100,0.0,0.0,--,0.00,--,0,--,2023-10-11
21,1016.5,1020.0,24.0,19.7,77,1.9,110,6.6,120,0.0,0.0,--,0.00,--,0,--,2023-10-11
22,1016.4,1020.0,23.9,19.2,75,2.3,120,7.7,90,0.0,0.0,--,0.00,--,0,--,2023-10-11
23,1016.0,1019.6,23.6,19.3,77,1.7,130,6.7,110,0.0,0.0,--,0.00,--,0,--,2023-10-11
24,1015.7,1019.3,23.4,19.6,79,1.8,130,4.6,130,0.0,0.0,--,0.00,--,0,--,2023-10-11
01,1015.4,1019.0,23.6,19.8,79,1.5,150,3.3,120,0.0,0.0,--,0.00,--,0,--,2023-10-12
02,1015.0,1018.5,24.3,20.0,77,2.4,100,6.8,80,0.0,0.0,--,0.00,--,0,--,2023-10-12
03,1014.6,1018.1,24.4,19.9,76,2.1,90,6.1,60,0.0,0.0,--,0.00,--,0,--,2023-10-12
04,1014.4,1017.9,24.0,19.3,75,2.2,120,6.3,90,0.0,0.0,--,0.00,--,0,--,2023-10-12
05,1014.7,1018.2,23.7,19.2,76,1.4,100,5.3,90,0.0,0.0,--,0.00,--,0,--,2023-10-12
06,1014.9,1018.4,23.6,19.6,78,1.9,130,5.0,100,0.0,0.0,0.0,0.00,--,0,--,2023-10-12
07,1015.3,1018.8,24.2,20.5,80,2.3,120,5.1,80,0.0,0.0,0.1,0.20,--,0,--,2023-10-12
08,1015.7,1019.2,24.9,21.0,79,2.7,110,6.1,120,0.0,0.0,0.4,0.67,60.0,1,8.0,2023-10-12
09,1015.6,1019.1,26.7,20.6,69,3.3,100,8.3,130,0.0,0.0,0.7,1.65,50.0,3,5.0,2023-10-12
10,1015.5,1019.0,26.5,19.9,67,2.5,80,9.1,90,0.0,0.0,0.7,2.19,--,5,--,2023-10-12
11,1014.7,1018.2,27.9,20.5,64,2.6,80,8.4,70,0.0,0.0,0.6,2.06,60.0,6,4.0,2023-10-12
12,1014.2,1017.7,27.6,20.7,66,3.6,70,8.4,90,0.0,0.0,0.8,2.63,--,8,--,2023-10-12
13,1013.4,1016.9,27.9,20.7,65,3.5,100,8.7,110,0.0,0.0,0.5,2.43,--,7,--,2023-10-12
14,1012.9,1016.4,27.4,20.5,66,2.6,60,8.2,90,0.0,0.0,0.7,1.94,40.0,6,6.0,2023-10-12
15,1012.8,1016.3,27.6,17.5,54,3.1,60,12.0,80,0.0,0.0,0.7,1.71,--,4,--,2023-10-12
16,1013.0,1016.5,26.8,20.2,67,3.5,90,9.3,90,0.0,0.0,1.0,1.37,--,2,--,2023-10-12
17,1013.4,1016.9,25.9,20.5,72,3.2,80,8.8,90,0.0,0.0,1.0,0.58,30.0,0,5.0,2023-10-12
18,1013.6,1017.1,25.6,21.1,76,2.5,90,8.6,100,0.0,0.0,0.0,0.04,--,0,--,2023-10-12
19,1013.7,1017.2,25.3,21.0,77,2.9,100,9.0,90,0.0,0.0,0.0,0.00,--,0,--,2023-10-12
20,1014.3,1017.8,25.0,20.9,78,2.7,100,8.5,80,0.0,0.0,--,0.00,--,0,--,2023-10-12
21,1014.6,1018.1,24.8,20.9,79,2.2,100,8.2,90,0.0,0.0,--,0.00,--,0,--,2023-10-12
22,1014.3,1017.8,24.8,20.9,79,2.5,100,6.0,80,0.0,0.0,--,0.00,--,0,--,2023-10-12
23,1014.0,1017.5,24.6,21.1,81,1.7,130,6.7,80,0.0,0.0,--,0.00,--,0,--,2023-10-12
24,1013.7,1017.2,24.4,20.9,81,2.0,140,5.6,130,0.0,0.0,--,0.00,--,0,--,2023-10-12
01,1013.1,1016.6,24.4,21.1,82,1.8,110,5.1,130,0.0,0.0,--,0.00,--,0,--,2023-10-13
02,1012.6,1016.1,24.4,21.1,82,2.6,100,6.0,80,0.0,0.0,--,0.00,--,0,--,2023-10-13
03,1012.2,1015.7,24.3,20.8,81,2.2,100,6.5,80,0.0,0.0,--,0.00,--,0,--,2023-10-13
04,1012.0,1015.5,24.1,20.6,81,2.0,100,6.2,110,0.0,0.0,--,0.00,--,0,--,2023-10-13
05,1012.0,1015.5,24.1,20.4,80,2.6,90,9.2,80,0.0,0.0,--,0.00,--,0,--,2023-10-13
06,1012.5,1016.0,24.3,20.0,77,2.1,100,7.3,80,0.0,0.0,0.0,0.00,--,0,--,2023-10-13
07,1013.2,1016.7,24.5,20.2,77,2.3,100,7.9,90,0.0,0.0,0.0,0.19,--,0,--,2023-10-13
08,1013.6,1017.1,25.4,20.7,75,2.6,120,5.5,90,0.0,0.0,0.3,0.72,40.0,1,5.0,2023-10-13
09,1013.7,1017.2,26.1,20.2,70,2.4,90,8.6,80,0.0,0.0,0.5,1.27,40.0,3,8.0,2023-10-13
10,1013.2,1016.7,26.4,20.3,69,3.8,90,8.8,100,0.0,0.0,0.4,1.57,--,4,--,2023-10-13
11,1012.0,1015.5,27.3,19.9,64,3.4,90,9.1,80,0.0,0.0,0.7,2.44,50.0,7,5.0,2023-10-13
12,1011.2,1014.7,27.4,20.5,66,3.4,80,8.9,80,0.0,0.0,0.7,2.94,--,9,--,2023-10-13
13,1010.5,1014.0,27.0,19.9,65,3.5,90,10.4,100,0.0,0.0,0.1,2.00,--,6,--,2023-10-13
14,1009.9,1013.4,26.5,20.4,69,3.9,90,9.2,90,0.0,0.0,0.2,1.65,40.0,5,9.0,2023-10-13
15,1009.9,1013.4,26.2,20.1,69,2.9,80,9.2,80,0.0,0.0,0.0,0.73,--,2,--,2023-10-13
16,1010.2,1013.7,25.9,20.5,72,2.7,90,8.8,110,0.0,0.0,0.0,0.72,--,1,--,2023-10-13
17,1010.5,1014.0,25.7,19.8,70,2.8,90,8.4,70,0.0,0.0,0.1,0.26,30.0,0,9.0,2023-10-13
18,1010.7,1014.2,25.1,20.4,75,3.0,100,8.2,80,0.0,0.0,0.0,0.04,--,0,--,2023-10-13
19,1011.2,1014.7,24.7,20.2,76,3.2,90,7.8,80,0.0,0.0,0.0,0.00,--,0,--,2023-10-13
20,1011.5,1015.0,24.5,20.4,78,3.2,110,6.5,110,0.0,0.0,--,0.00,--,0,--,2023-10-13
21,1011.8,1015.3,24.3,20.2,78,1.9,110,5.6,110,0.0,0.0,--,0.00,--,0,--,2023-10-13
22,1011.8,1015.3,24.1,20.2,79,1.6,100,5.2,120,0.0,0.0,--,0.00,--,0,--,2023-10-13
23,1011.7,1015.2,24.1,20.0,78,1.3,70,4.8,80,0.0,0.0,--,0.00,--,0,--,2023-10-13
24,1011.1,1014.6,23.9,20.5,81,2.3,90,5.3,90,0.0,0.0,--,0.00,--,0,--,2023-10-13
01,1010.7,1014.2,23.9,20.3,80,2.0,110,6.1,80,0.0,0.0,--,0.00,--,0,--,2023-10-14
02,1010.3,1013.8,23.8,20.2,80,1.9,90,4.9,110,0.0,0.0,--,0.00,--,0,--,2023-10-14
03,1010.2,1013.7,23.9,20.5,81,1.6,100,5.3,60,0.0,0.0,--,0.00,--,0,--,2023-10-14
04,1009.9,1013.4,23.9,20.6,82,1.1,100,3.7,80,0.0,0.0,--,0.00,--,0,--,2023-10-14
05,1009.9,1013.4,23.9,20.6,82,1.7,120,4.3,110,0.0,0.0,--,0.00,--,0,--,2023-10-14
06,1010.2,1013.7,23.8,20.6,82,1.0,140,2.9,120,0.0,0.0,0.0,0.00,--,0,--,2023-10-14
07,1010.6,1014.1,24.2,20.7,81,1.5,120,4.2,110,0.0,0.0,0.0,0.16,--,0,--,2023-10-14
08,1011.1,1014.6,24.5,21.0,81,1.9,120,4.5,110,0.0,0.0,0.0,0.34,40.0,1,9.0,2023-10-14
09,1011.4,1014.9,25.5,21.4,78,1.6,100,5.1,80,0.0,0.0,0.0,0.81,40.0,2,9.0,2023-10-14
10,1011.2,1014.7,25.6,20.9,75,1.7,110,4.9,100,0.0,0.0,0.0,0.96,--,3,--,2023-10-14
11,1010.5,1014.0,25.7,21.0,75,2.2,100,5.1,100,0.0,0.0,0.0,1.07,40.0,3,10.0,2023-10-14
12,1009.8,1013.3,25.7,20.7,74,1.6,40,5.3,80,0.0,0.0,0.0,0.96,--,3,--,2023-10-14
13,1009.2,1012.7,25.5,20.3,73,1.9,120,4.5,120,0.0,0.0,0.0,0.30,--,1,--,2023-10-14
14,1008.9,1012.4,23.5,21.0,86,3.0,90,7.7,80,T,0.5,0.0,0.11,30.0,0,10.0,2023-10-14
15,1008.7,1012.2,23.8,20.7,83,2.5,90,9.1,100,0.0,0.0,0.0,0.47,--,1,--,2023-10-14
16,1008.9,1012.4,23.8,20.0,79,2.6,100,9.3,80,0.0,0.0,0.0,0.41,--,1,--,2023-10-14
17,1009.4,1012.9,23.9,19.8,78,2.7,100,7.2,60,0.0,0.0,0.0,0.10,30.0,0,10.0,2023-10-14
18,1009.7,1013.2,23.8,19.5,77,2.9,90,7.9,90,0.0,0.0,0.0,0.01,--,0,--,2023-10-14
19,1010.1,1013.6,23.7,19.4,77,2.7,90,7.5,80,0.0,0.0,0.0,0.00,--,0,--,2023-10-14
20,1010.8,1014.3,23.8,19.1,75,3.4,80,7.2,80,0.0,0.0,--,0.00,--,0,--,2023-10-14
21,1011.4,1014.9,23.7,19.0,75,2.1,100,5.6,80,0.0,0.0,--,0.00,--,0,--,2023-10-14
22,1011.3,1014.8,23.7,18.8,74,2.7,110,6.3,120,0.0,0.0,--,0.00,--,0,--,2023-10-14
23,1011.4,1014.9,23.5,18.8,75,2.0,100,6.3,100,0.0,0.0,--,0.00,--,0,--,2023-10-14
24,1011.3,1014.8,23.5,18.8,75,2.3,110,5.6,120,0.0,0.0,--,0.00,--,0,--,2023-10-14
01,1010.8,1014.3,23.4,18.7,75,1.6,120,5.7,90,0.0,0.0,--,0.00,--,0,--,2023-10-15
02,1010.4,1013.9,23.1,18.7,76,1.8,130,5.9,100,0.0,0.0,--,0.00,--,0,--,2023-10-15
03,1010.3,1013.8,23.1,18.9,77,2.1,130,4.3,130,0.0,0.0,--,0.00,--,0,--,2023-10-15
04,1010.1,1013.6,23.1,18.7,76,2.3,130,4.3,120,0.0,0.0,--,0.00,--,0,--,2023-10-15
05,1010.3,1013.8,23.2,18.3,74,2.2,130,4.2,120,0.0,0.0,--,0.00,--,0,--,2023-10-15
06,1011.0,1014.5,23.0,18.3,75,1.6,130,3.8,120,0.0,0.0,0.0,0.00,--,0,--,2023-10-15
07,1011.5,1015.0,23.1,18.4,75,2.0,130,4.2,120,0.0,0.0,0.0,0.09,--,0,--,2023-10-15
08,1012.1,1015.6,24.0,18.7,72,2.0,140,3.8,130,0.0,0.0,0.0,0.55,20.0,1,9.0,2023-10-15
09,1012.0,1015.5,25.0,18.0,65,3.0,100,7.0,100,0.0,0.0,0.4,1.32,25.0,3,7.0,2023-10-15
10,1012.1,1015.6,26.2,17.8,60,1.9,80,8.1,100,0.0,0.0,0.5,1.77,--,4,--,2023-10-15
11,1011.6,1015.1,26.4,16.7,55,2.4,80,8.2,80,0.0,0.0,0.5,2.27,25.0,6,5.0,2023-10-15
12,1011.1,1014.6,27.5,16.2,50,3.0,110,8.0,80,0.0,0.0,1.0,3.02,--,8,--,2023-10-15
13,1010.8,1014.3,26.7,17.2,56,2.3,60,8.4,90,0.0,0.0,0.4,2.09,--,6,--,2023-10-15
14,1010.7,1014.2,25.6,17.5,61,3.6,90,9.5,80,0.0,0.0,0.0,1.44,25.0,4,9.0,2023-10-15
15,1010.8,1014.3,25.2,17.7,63,3.0,90,8.8,110,0.0,0.0,0.0,0.99,--,2,--,2023-10-15
16,1011.1,1014.6,25.0,17.5,63,2.4,80,8.5,80,0.0,0.0,0.6,1.08,--,1,--,2023-10-15
17,1011.4,1014.9,24.7,17.9,66,1.8,70,9.3,80,0.0,0.0,0.9,0.48,11.0,0,3.0,2023-10-15
18,1011.8,1015.3,24.5,18.0,67,2.4,90,8.2,60,0.0,0.0,0.0,0.02,--,0,--,2023-10-15
19,1012.3,1015.8,24.4,18.4,69,2.6,100,7.1,90,0.0,0.0,0.0,0.00,--,0,--,2023-10-15
20,1012.9,1016.4,24.1,18.3,70,2.5,100,6.2,60,0.0,0.0,--,0.00,--,0,--,2023-10-15
21,1012.9,1016.4,24.1,18.5,71,2.1,90,5.5,90,0.0,0.0,--,0.00,--,0,--,2023-10-15
22,1013.1,1016.6,24.0,19.1,74,2.5,110,5.4,80,0.0,0.0,--,0.00,--,0,--,2023-10-15
23,1013.2,1016.7,23.7,19.2,76,1.8,90,5.7,100,0.0,0.0,--,0.00,--,0,--,2023-10-15
24,1013.1,1016.6,23.6,19.8,79,2.1,110,6.1,100,0.0,0.0,--,0.00,--,0,--,2023-10-15
01,1012.8,1016.3,23.6,19.8,79,1.9,140,5.9,130,0.0,0.0,--,0.00,--,0,--,2023-10-16
02,1012.6,1016.1,23.7,20.1,80,1.8,120,4.7,110,0.0,0.0,--,0.00,--,0,--,2023-10-16
03,1012.6,1016.1,23.9,20.0,79,2.4,110,6.5,100,0.0,0.0,--,0.00,--,0,--,2023-10-16
04,1012.8,1016.3,23.9,20.0,79,1.6,100,6.0,90,0.0,0.0,--,0.00,--,0,--,2023-10-16
05,1012.9,1016.4,24.1,19.2,74,2.8,110,7.7,100,0.0,0.0,--,0.00,--,0,--,2023-10-16
06,1013.6,1017.1,24.1,19.2,74,2.5,110,6.3,70,0.0,0.0,0.0,0.00,--,0,--,2023-10-16
07,1014.2,1017.7,24.3,18.9,72,2.2,120,5.5,120,0.0,0.0,0.0,0.12,--,0,--,2023-10-16
08,1014.6,1018.1,24.9,18.6,68,1.4,100,6.2,100,0.0,0.0,0.0,0.47,25.0,1,8.0,2023-10-16
09,1014.7,1018.2,25.8,16.9,58,2.6,120,9.0,80,0.0,0.0,0.2,1.04,30.0,2,7.0,2023-10-16
10,1014.5,1018.0,26.9,15.9,51,3.6,110,10.8,100,0.0,0.0,0.9,2.14,--,5,--,2023-10-16
11,1013.8,1017.3,27.8,15.5,47,3.5,90,10.3,110,0.0,0.0,0.9,2.71,35.0,7,4.0,2023-10-16
12,1013.1,1016.6,27.8,14.5,44,3.6,110,13.1,100,0.0,0.0,0.9,2.80,--,8,--,2023-10-16
13,1012.6,1016.1,27.6,14.3,44,4.3,120,9.9,60,0.0,0.0,0.6,2.28,--,6,--,2023-10-16
14,1012.6,1016.1,27.2,13.6,43,4.3,110,13.5,110,0.0,0.0,0.8,2.37,40.0,5,6.0,2023-10-16
15,1012.8,1016.3,27.0,13.4,43,4.2,120,11.9,120,0.0,0.0,0.6,1.65,--,3,--,2023-10-16
16,1013.0,1016.5,26.4,13.5,45,5.3,110,11.5,110,0.0,0.0,0.9,1.15,--,1,--,2023-10-16
17,1013.6,1017.1,25.8,14.3,49,3.0,110,10.9,80,0.0,0.0,0.8,0.46,35.0,0,7.0,2023-10-16
18,1013.8,1017.3,25.3,14.8,52,3.4,100,9.7,90,0.0,0.0,0.0,0.02,--,0,--,2023-10-16
19,1014.3,1017.8,24.8,14.0,51,3.3,90,9.8,80,0.0,0.0,0.0,0.00,--,0,--,2023-10-16
20,1015.0,1018.5,24.4,14.2,53,2.9,110,8.5,90,0.0,0.0,--,0.00,--,0,--,2023-10-16
21,1015.2,1018.7,24.2,15.2,57,2.7,90,9.1,90,0.0,0.0,--,0.00,--,0,--,2023-10-16
22,1015.2,1018.7,24.1,15.3,58,3.5,90,8.3,100,0.0,0.0,--,0.00,--,0,--,2023-10-16
23,1015.1,1018.6,23.9,15.4,59,3.2,90,9.4,90,0.0,0.0,--,0.00,--,0,--,2023-10-16
24,1014.6,1018.1,23.8,15.6,60,2.7,100,7.1,80,0.0,0.0,--,0.00,--,0,--,2023-10-16
01,1014.5,1018.0,23.7,15.5,60,3.4,100,7.3,80,0.0,0.0,--,0.00,--,0,--,2023-10-17
02,1014.2,1017.7,23.6,15.1,59,3.0,90,8.3,90,0.0,0.0,--,0.00,--,0,--,2023-10-17
03,1013.9,1017.4,23.5,15.8,62,3.1,100,9.4,90,0.0,0.0,--,0.00,--,0,--,2023-10-17
04,1013.7,1017.2,23.5,16.6,65,3.9,100,7.8,130,0.0,0.0,--,0.00,--,0,--,2023-10-17
05,1013.9,1017.4,23.4,16.2,64,2.5,100,8.1,100,0.0,0.0,--,0.00,--,0,--,2023-10-17
06,1014.3,1017.8,23.6,15.7,61,2.7,100,8.3,80,0.0,0.0,0.0,0.00,--,0,--,2023-10-17
07,1014.8,1018.3,23.8,15.9,61,3.2,100,8.6,110,0.0,0.0,0.0,0.25,--,0,--,2023-10-17
08,1015.6,1019.1,24.3,16.3,61,3.4,100,9.7,110,0.0,0.0,0.0,0.59,25.0,1,9.0,2023-10-17
09,1015.8,1019.3,25.0,15.6,56,4.5,80,10.2,80,0.0,0.0,0.1,1.08,25.0,2,9.0,2023-10-17
10,1015.8,1019.3,26.2,15.9,53,4.4,100,10.8,70,0.0,0.0,0.6,1.84,--,4,--,2023-10-17
11,1015.3,1018.8,27.1,16.4,52,4.5,90,10.7,80,0.0,0.0,0.9,2.63,30.0,7,7.0,2023-10-17
12,1014.8,1018.3,27.3,16.9,53,3.7,90,12.8,100,0.0,0.0,1.0,2.99,--,8,--,2023-10-17
13,1014.0,1017.5,27.4,16.4,51,3.6,90,11.7,90,0.0,0.0,1.0,2.83,--,7,--,2023-10-17
14,1013.6,1017.1,27.5,17.1,53,4.2,90,11.6,80,0.0,0.0,1.0,2.58,25.0,6,8.0,2023-10-17
15,1013.6,1017.1,26.5,17.0,56,5.8,110,12.4,120,0.0,0.0,0.7,1.70,--,3,--,2023-10-17
16,1013.7,1017.2,26.2,17.6,59,3.7,90,11.0,120,0.0,0.0,0.0,0.84,--,1,--,2023-10-17
17,1014.1,1017.6,25.7,17.9,62,3.6,100,11.5,100,0.0,0.0,0.0,0.31,14.0,0,8.0,2023-10-17
18,1014.2,1017.7,25.5,18.2,64,3.4,90,9.1,110,0.0,0.0,0.0,0.02,--,0,--,2023-10-17
19,1014.5,1018.0,25.3,18.5,66,2.8,100,8.4,80,0.0,0.0,0.0,0.00,--,0,--,2023-10-17
20,1014.9,1018.4,25.2,18.9,68,3.1,90,7.3,60,0.0,0.0,--,0.00,--,0,--,2023-10-17
21,1015.2,1018.7,25.2,18.9,68,2.9,90,8.1,70,0.0,0.0,--,0.00,--,0,--,2023-10-17
22,1014.8,1018.3,25.2,18.9,68,3.3,90,9.1,70,0.0,0.0,--,0.00,--,0,--,2023-10-17
23,1014.4,1017.9,25.1,18.8,68,3.6,90,8.7,80,0.0,0.0,--,0.00,--,0,--,2023-10-17
24,1014.1,1017.6,25.2,19.1,69,3.5,90,8.3,80,0.0,0.0,--,0.00,--,0,--,2023-10-17
01,1013.5,1017.0,25.3,19.7,71,3.5,90,9.2,100,0.0,0.0,--,0.00,--,0,--,2023-10-18
02,1013.1,1016.6,25.3,20.1,73,3.6,90,9.3,80,0.0,0.0,--,0.00,--,0,--,2023-10-18
03,1012.9,1016.4,25.1,20.2,74,3.6,90,9.0,80,0.0,0.0,--,0.00,--,0,--,2023-10-18
04,1013.1,1016.6,25.0,20.5,76,3.8,100,8.8,80,0.0,0.0,--,0.00,--,0,--,2023-10-18
05,1013.5,1017.0,24.9,20.8,78,3.2,90,7.7,80,0.0,0.0,--,0.00,--,0,--,2023-10-18
06,1013.7,1017.2,24.8,21.1,80,3.2,90,8.4,110,0.0,0.0,0.0,0.00,--,0,--,2023-10-18
07,1014.1,1017.6,25.0,21.3,80,2.7,90,7.5,60,0.0,0.0,0.4,0.22,--,0,--,2023-10-18
08,1014.7,1018.2,26.5,20.8,71,2.7,90,7.7,100,0.0,0.0,0.9,0.98,40.0,1,7.0,2023-10-18
09,1014.8,1018.3,28.5,21.3,65,2.3,100,8.3,80,0.0,0.0,0.8,1.52,35.0,3,5.0,2023-10-18
10,1014.4,1017.9,29.7,20.9,59,2.1,80,6.4,80,0.0,0.0,1.0,2.41,--,5,--,2023-10-18
11,1013.8,1017.3,30.1,20.7,57,4.1,120,8.5,100,0.0,0.0,1.0,2.68,35.0,7,7.0,2023-10-18
12,1012.8,1016.3,30.6,21.7,59,2.3,90,8.9,100,0.0,0.0,1.0,2.72,--,8,--,2023-10-18
13,1012.0,1015.5,31.0,22.1,59,2.5,90,7.0,130,0.0,0.0,1.0,2.95,--,8,--,2023-10-18
14,1011.4,1014.9,29.8,21.2,60,4.0,110,8.1,110,0.0,0.0,0.5,1.74,35.0,5,5.0,2023-10-18
15,1011.2,1014.7,30.5,21.9,60,2.7,100,7.7,110,0.0,0.0,0.8,1.81,--,3,--,2023-10-18
16,1011.6,1015.1,29.2,21.7,64,3.8,100,8.1,130,0.0,0.0,1.0,1.17,--,1,--,2023-10-18
17,1012.0,1015.5,28.3,21.6,67,3.6,100,8.8,100,0.0,0.0,0.6,0.34,30.0,0,5.0,2023-10-18
18,1012.4,1015.9,27.7,21.5,69,2.7,100,7.3,130,0.0,0.0,0.0,0.02,--,0,--,2023-10-18
19,1012.9,1016.4,27.4,21.7,71,2.4,100,6.3,80,0.0,0.0,0.0,0.00,--,0,--,2023-10-18
20,1013.3,1016.8,26.9,21.9,74,2.2,90,5.9,60,0.0,0.0,--,0.00,--,0,--,2023-10-18
21,1013.4,1016.9,26.8,21.8,74,2.2,90,5.6,90,0.0,0.0,--,0.00,--,0,--,2023-10-18
22,1013.1,1016.6,26.6,21.8,75,2.5,90,6.2,100,0.0,0.0,--,0.00,--,0,--,2023-10-18
23,1013.1,1016.6,26.6,21.6,74,1.5,90,4.9,80,0.0,0.0,--,0.00,--,0,--,2023-10-18
24,1012.7,1016.2,26.3,21.7,76,1.6,90,4.3,80,0.0,0.0,--,0.00,--,0,--,2023-10-18
01,1012.5,1016.0,26.3,21.5,75,1.1,130,3.1,90,0.0,0.0,--,0.00,--,0,--,2023-10-19
02,1012.5,1016.0,25.3,21.4,79,1.6,220,2.4,210,0.0,0.0,--,0.00,--,0,--,2023-10-19
03,1012.4,1015.9,24.6,21.3,82,0.9,210,2.5,220,0.0,0.0,--,0.00,--,0,--,2023-10-19
04,1012.5,1016.0,24.9,20.6,77,1.6,160,3.4,170,0.0,0.0,--,0.00,--,0,--,2023-10-19
05,1012.9,1016.4,24.3,20.8,81,1.1,150,4.3,150,0.0,0.0,--,0.00,--,0,--,2023-10-19
06,1013.1,1016.6,24.4,20.5,79,1.8,150,3.8,140,0.0,0.0,0.0,0.00,--,0,--,2023-10-19
07,1013.1,1016.6,24.6,21.5,83,0.8,150,3.4,170,0.0,0.0,0.5,0.23,--,0,--,2023-10-19
08,1013.1,1016.6,26.7,21.7,74,0.7,120,2.0,140,0.0,0.0,1.0,0.97,40.0,1,2.0,2023-10-19
09,1012.7,1016.2,28.8,22.1,67,1.1,90,3.2,80,0.0,0.0,1.0,1.75,40.0,3,2.0,2023-10-19
10,1012.0,1015.5,30.9,22.3,60,1.9,120,5.1,100,0.0,0.0,1.0,2.40,--,5,--,2023-10-19
11,1011.5,1014.9,31.7,21.0,53,1.6,90,5.7,110,0.0,0.0,1.0,2.83,50.0,8,2.0,2023-10-19
12,1010.7,1014.1,31.9,21.2,53,2.0,90,5.1,80,0.0,0.0,1.0,3.01,--,8,--,2023-10-19
13,1009.8,1013.2,32.5,22.0,54,2.8,70,5.6,80,0.0,0.0,1.0,2.89,--,8,--,2023-10-19
14,1009.3,1012.7,31.1,21.0,55,2.3,120,7.3,90,0.0,0.0,0.8,2.24,50.0,6,6.0,2023-10-19
15,1009.0,1012.4,31.3,21.5,56,2.8,130,6.1,100,0.0,0.0,1.0,1.91,--,3,--,2023-10-19
16,1009.3,1012.8,29.9,21.9,62,2.7,120,6.2,140,0.0,0.0,0.9,0.91,--,1,--,2023-10-19
17,1010.1,1013.6,28.9,21.4,64,2.8,140,5.6,90,0.0,0.0,0.1,0.25,30.0,0,9.0,2023-10-19
18,1010.6,1014.1,28.4,21.5,66,1.4,120,6.3,130,0.0,0.0,0.0,0.01,--,0,--,2023-10-19
19,1011.3,1014.8,28.3,21.6,67,2.3,160,4.5,80,0.0,0.0,0.0,0.00,--,0,--,2023-10-19
20,1011.8,1015.3,28.3,22.8,72,2.0,230,4.2,220,0.0,0.0,--,0.00,--,0,--,2023-10-19
21,1011.8,1015.3,28.0,22.7,73,1.3,170,3.4,280,0.0,0.0,--,0.00,--,0,--,2023-10-19
22,1011.5,1015.0,27.3,22.3,74,2.1,160,4.9,150,0.0,0.0,--,0.00,--,0,--,2023-10-19
23,1011.2,1014.7,26.8,22.4,77,1.5,150,3.8,160,0.0,0.0,--,0.00,--,0,--,2023-10-19
24,1011.1,1014.6,26.5,22.2,77,1.5,140,3.3,160,0.0,0.0,--,0.00,--,0,--,2023-10-19
01,1010.8,1014.3,26.1,22.6,81,1.1,180,2.7,170,0.0,0.0,--,0.00,--,0,--,2023-10-20
02,1010.5,1014.0,26.1,22.6,81,1.3,160,3.4,170,0.0,0.0,--,0.00,--,0,--,2023-10-20
03,1010.2,1013.7,25.9,22.4,81,1.2,160,2.6,120,0.0,0.0,--,0.00,--,0,--,2023-10-20
04,1010.1,1013.6,25.8,22.5,82,1.0,100,2.6,140,0.0,0.0,--,0.00,--,0,--,2023-10-20
05,1010.3,1013.8,26.1,22.6,81,0.7,180,1.4,200,0.0,0.0,--,0.00,--,0,--,2023-10-20
06,1010.9,1014.4,26.2,22.9,82,0.7,180,2.5,330,0.0,0.0,0.0,0.00,--,0,--,2023-10-20
07,1011.5,1015.0,26.3,23.4,84,1.2,250,2.8,250,0.0,0.0,0.0,0.15,--,0,--,2023-10-20
08,1012.2,1015.7,26.8,23.3,81,0.9,270,2.6,290,0.0,0.0,0.0,0.38,5.0,1,9.0,2023-10-20
09,1013.0,1016.5,27.4,23.2,78,1.8,270,4.3,270,0.0,0.0,0.0,0.63,5.0,1,9.0,2023-10-20
10,1012.9,1016.4,28.2,23.4,75,0.9,280,3.9,340,0.0,0.0,0.0,0.90,--,3,--,2023-10-20
11,1012.3,1015.8,28.2,23.4,75,1.4,290,5.8,320,0.0,0.0,0.0,0.86,15.0,3,10.0,2023-10-20
12,1011.9,1015.4,27.5,23.1,77,3.0,310,8.9,310,0.0,0.0,0.0,0.96,--,3,--,2023-10-20
13,1011.7,1015.2,25.9,23.2,85,2.4,310,9.4,350,T,0.2,0.0,0.39,--,2,--,2023-10-20
14,1011.9,1015.4,25.4,22.3,83,1.9,120,4.5,330,T,0.1,0.0,0.21,30.0,1,10.0,2023-10-20
15,1012.6,1016.1,23.8,23.0,95,0.8,120,5.2,110,0.5,1.0,0.0,0.11,--,0,--,2023-10-20
16,1013.4,1016.9,23.7,23.2,97,1.1,230,2.6,250,0.5,1.0,0.0,0.12,--,0,--,2023-10-20
17,1014.3,1017.9,23.2,22.2,94,1.0,220,3.5,170,T,1.0,0.0,0.03,10.0,0,10.0,2023-10-20
18,1015.0,1018.6,22.8,21.6,93,1.6,130,4.2,110,0.5,1.0,0.0,0.00,--,0,--,2023-10-20
19,1016.1,1019.7,22.8,21.3,91,1.7,120,4.1,120,0.5,0.2,0.0,0.00,--,0,--,2023-10-20
20,1017.0,1020.6,22.5,20.4,88,2.1,90,5.0,80,T,0.1,--,0.00,--,0,--,2023-10-20
21,1017.1,1020.7,22.2,20.1,88,2.5,90,6.6,70,0.0,0.0,--,0.00,--,0,--,2023-10-20
22,1017.1,1020.7,22.2,19.9,87,2.7,100,6.7,60,0.0,0.0,--,0.00,--,0,--,2023-10-20
23,1017.2,1020.8,21.9,20.0,89,2.7,100,7.5,60,0.0,0.0,--,0.00,--,0,--,2023-10-20
24,1017.0,1020.6,22.1,19.5,85,3.0,90,8.1,110,0.0,0.0,--,0.00,--,0,--,2023-10-20
01,1016.8,1020.4,21.7,19.4,87,2.0,110,8.5,90,0.0,0.0,--,0.00,--,0,--,2023-10-21
02,1016.3,1019.9,21.7,18.9,84,3.0,90,8.0,80,0.0,0.0,--,0.00,--,0,--,2023-10-21
03,1016.3,1019.9,21.7,18.9,84,2.2,100,7.9,70,0.0,0.0,--,0.00,--,0,--,2023-10-21
04,1016.2,1019.8,21.5,19.1,86,2.6,100,6.7,110,0.0,0.0,--,0.00,--,0,--,2023-10-21
05,1016.1,1019.7,21.5,18.9,85,2.3,100,6.3,80,0.0,0.0,--,0.00,--,0,--,2023-10-21
06,1016.8,1020.4,21.6,18.6,83,2.4,110,6.8,90,0.0,0.0,0.0,0.00,--,0,--,2023-10-21
07,1017.2,1020.8,21.8,19.2,85,2.6,110,7.5,140,0.0,0.0,0.0,0.05,--,0,--,2023-10-21
08,1017.8,1021.4,22.1,19.3,84,2.8,100,8.5,80,0.0,0.0,0.0,0.18,21.0,0,10.0,2023-10-21
09,1018.5,1022.1,21.6,20.1,91,2.8,110,8.8,80,T,0.5,0.0,0.30,16.0,1,10.0,2023-10-21
10,1018.6,1022.2,21.4,19.9,91,2.9,90,8.8,70,T,1.0,0.0,0.34,--,1,--,2023-10-21
11,1018.0,1021.6,21.8,19.7,88,3.4,80,8.7,80,T,0.4,0.0,0.44,21.0,2,10.0,2023-10-21
12,1017.3,1020.9,22.1,19.7,86,3.4,90,10.0,30,0.0,0.0,0.0,0.40,--,1,--,2023-10-21
13,1017.0,1020.6,21.9,19.6,87,3.2,100,9.1,70,0.0,0.0,0.0,0.41,--,1,--,2023-10-21
14,1016.5,1020.1,22.4,19.6,84,3.7,90,9.8,80,0.0,0.0,0.0,0.49,30.0,2,10.0,2023-10-21
15,1016.4,1020.0,22.4,19.2,82,3.1,100,9.2,90,0.0,0.0,0.0,0.41,--,1,--,2023-10-21
16,1016.9,1020.5,22.8,18.8,78,2.1,80,7.9,100,0.0,0.0,0.0,0.25,--,1,--,2023-10-21
17,1016.9,1020.5,22.8,18.8,78,2.3,110,6.3,80,0.0,0.0,0.0,0.14,15.0,0,10.0,2023-10-21
18,1017.0,1020.6,21.9,20.0,89,4.3,110,9.4,80,0.0,0.0,0.0,0.01,--,0,--,2023-10-21
19,1017.6,1021.2,22.0,19.7,87,4.0,100,8.8,110,0.0,0.0,0.0,0.00,--,0,--,2023-10-21
20,1018.1,1021.7,22.3,19.5,84,4.5,110,9.6,80,0.0,0.0,--,0.00,--,0,--,2023-10-21
21,1018.4,1022.0,22.3,19.5,84,3.1,100,9.3,70,0.0,0.0,--,0.00,--,0,--,2023-10-21
22,1018.3,1021.9,21.7,19.3,86,3.7,100,9.4,80,0.0,0.0,--,0.00,--,0,--,2023-10-21
23,1017.8,1021.4,21.4,19.2,87,3.6,90,9.2,100,0.0,0.0,--,0.00,--,0,--,2023-10-21
24,1017.5,1021.1,22.0,18.8,82,3.4,110,7.7,110,0.0,0.0,--,0.00,--,0,--,2023-10-21
01,1017.0,1020.6,22.6,18.4,77,3.5,120,7.9,80,0.0,0.0,--,0.00,--,0,--,2023-10-22
02,1016.8,1020.4,22.2,18.8,81,2.6,100,7.5,80,0.0,0.0,--,0.00,--,0,--,2023-10-22
03,1016.2,1019.8,22.1,18.9,82,3.1,110,7.9,100,0.0,0.0,--,0.00,--,0,--,2023-10-22
04,1015.9,1019.5,22.0,19.0,83,4.4,110,12.3,100,0.0,0.0,--,0.00,--,0,--,2023-10-22
05,1016.0,1019.6,22.1,19.1,83,2.8,100,8.4,80,0.0,0.0,--,0.00,--,0,--,2023-10-22
06,1016.4,1020.0,22.7,18.9,79,3.5,100,8.4,100,0.0,0.0,0.0,0.00,--,0,--,2023-10-22
07,1016.8,1020.4,22.8,19.0,79,4.4,90,9.0,80,0.0,0.0,0.0,0.09,--,0,--,2023-10-22
08,1017.4,1021.0,22.9,19.5,81,3.6,100,10.8,60,0.0,0.0,0.0,0.37,30.0,1,9.0,2023-10-22
09,1017.9,1021.5,23.1,20.1,83,3.5,80,8.9,80,0.0,0.0,0.0,0.37,15.0,1,10.0,2023-10-22
10,1017.7,1021.3,23.1,20.6,86,3.8,90,9.1,40,T,0.6,0.0,0.80,--,2,--,2023-10-22
11,1017.1,1020.7,23.7,20.5,82,4.9,80,12.1,70,0.0,0.0,0.0,1.38,35.0,4,10.0,2023-10-22
12,1016.1,1019.6,24.2,20.3,79,5.1,100,12.8,100,0.0,0.0,0.0,1.67,--,5,--,2023-10-22
13,1015.3,1018.8,25.1,19.9,73,4.0,100,10.8,60,0.0,0.0,0.2,1.89,--,6,--,2023-10-22
14,1014.8,1018.3,24.8,19.9,74,4.3,90,12.0,130,0.0,0.0,0.0,1.45,35.0,4,10.0,2023-10-22
15,1014.5,1018.0,24.9,20.0,74,4.0,90,11.3,90,0.0,0.0,0.0,1.01,--,2,--,2023-10-22
16,1014.9,1018.4,24.9,19.5,72,4.3,90,11.3,120,0.0,0.0,0.1,0.79,--,1,--,2023-10-22
17,1015.0,1018.5,24.5,20.4,78,4.4,100,10.5,120,0.0,0.0,0.0,0.24,30.0,0,9.0,2023-10-22
18,1015.3,1018.8,24.4,20.5,79,3.4,110,9.2,110,0.0,0.0,0.0,0.01,--,0,--,2023-10-22
19,1015.6,1019.1,24.4,20.1,77,3.7,100,9.0,90,0.0,0.0,0.0,0.00,--,0,--,2023-10-22
20,1015.9,1019.4,24.5,19.6,74,3.8,90,9.2,80,0.0,0.0,--,0.00,--,0,--,2023-10-22
21,1016.2,1019.7,24.2,19.7,76,3.5,90,7.9,90,0.0,0.0,--,0.00,--,0,--,2023-10-22
22,1016.0,1019.5,24.1,20.0,78,3.3,100,8.7,80,0.0,0.0,--,0.00,--,0,--,2023-10-22
23,1015.7,1019.2,24.2,20.1,78,2.8,100,8.7,70,0.0,0.0,--,0.00,--,0,--,2023-10-22
24,1015.3,1018.8,24.3,20.2,78,3.1,90,8.4,80,0.0,0.0,--,0.00,--,0,--,2023-10-22
01,1014.8,1018.3,24.2,20.3,79,3.1,90,7.5,70,0.0,0.0,--,0.00,--,0,--,2023-10-23
02,1014.5,1018.0,24.2,20.5,80,3.3,90,8.3,90,0.0,0.0,--,0.00,--,0,--,2023-10-23
03,1014.0,1017.5,24.2,20.7,81,3.6,90,7.9,80,0.0,0.0,--,0.00,--,0,--,2023-10-23
04,1014.2,1017.7,24.2,20.7,81,3.7,90,7.7,70,0.0,0.0,--,0.00,--,0,--,2023-10-23
05,1014.4,1017.9,24.3,20.8,81,3.2,90,7.8,90,0.0,0.0,--,0.00,--,0,--,2023-10-23
06,1014.9,1018.4,24.4,20.7,80,3.3,90,8.4,80,0.0,0.0,0.0,0.00,--,0,--,2023-10-23
07,1015.2,1018.7,24.9,20.6,77,2.4,90,7.4,90,0.0,0.0,0.2,0.19,--,0,--,2023-10-23
08,1015.3,1018.8,25.6,20.6,74,2.8,90,8.5,60,0.0,0.0,0.2,0.55,60.0,1,9.0,2023-10-23
09,1015.5,1019.0,26.3,21.5,75,3.1,90,7.5,80,0.0,0.0,0.0,0.68,60.0,2,9.0,2023-10-23
10,1015.1,1018.6,27.0,21.5,72,3.3,90,10.0,80,0.0,0.0,0.0,1.39,--,4,--,2023-10-23
11,1014.6,1018.1,28.1,21.7,68,4.1,90,10.1,100,0.0,0.0,0.5,2.13,60.0,6,8.0,2023-10-23
12,1013.7,1017.2,28.8,22.3,68,3.7,90,9.1,130,0.0,0.0,0.9,3.02,--,9,--,2023-10-23
13,1013.0,1016.5,28.5,22.3,69,3.5,100,9.8,70,0.0,0.0,0.7,2.32,--,7,--,2023-10-23
14,1012.9,1016.4,27.7,21.7,70,3.9,90,9.9,90,0.0,0.0,0.3,1.81,50.0,5,9.0,2023-10-23
15,1012.8,1016.3,27.2,21.7,72,3.9,90,11.3,110,0.0,0.0,0.1,1.40,--,3,--,2023-10-23
16,1013.0,1016.5,26.1,22.0,78,3.9,80,10.0,100,0.0,0.0,0.3,0.85,--,1,--,2023-10-23
17,1013.2,1016.7,26.0,21.5,76,3.8,90,9.5,110,0.0,0.0,0.9,0.44,40.0,0,7.0,2023-10-23
18,1013.1,1016.6,25.8,21.0,75,3.8,90,10.4,90,0.0,0.0,0.2,0.02,--,0,--,2023-10-23
19,1013.7,1017.2,25.5,21.2,77,3.9,90,10.9,80,0.0,0.0,0.0,0.00,--,0,--,2023-10-23
20,1014.0,1017.5,25.4,21.3,78,3.5,90,9.7,90,0.0,0.0,--,0.00,--,0,--,2023-10-23
21,1014.0,1017.5,25.3,21.6,80,4.0,90,9.5,80,0.0,0.0,--,0.00,--,0,--,2023-10-23
22,1013.8,1017.3,25.1,21.8,82,2.9,90,9.8,60,0.0,0.0,--,0.00,--,0,--,2023-10-23
23,1013.5,1017.0,25.1,21.6,81,3.1,80,8.5,80,0.0,0.0,--,0.00,--,0,--,2023-10-23
24,1013.0,1016.5,25.1,21.6,81,3.5,90,8.2,80,0.0,0.0,--,0.00,--,0,--,2023-10-23
01,1012.7,1016.2,25.2,21.3,79,2.8,90,6.8,80,0.0,0.0,--,0.00,--,0,--,2023-10-24
02,1012.5,1016.0,25.0,21.5,81,2.1,100,6.7,60,0.0,0.0,--,0.00,--,0,--,2023-10-24
03,1012.5,1016.0,24.5,21.6,84,2.7,90,6.5,70,0.0,0.0,--,0.00,--,0,--,2023-10-24
04,1012.4,1015.9,24.1,21.6,86,2.1,90,5.8,100,0.0,0.0,--,0.00,--,0,--,2023-10-24
05,1013.0,1016.5,23.8,21.9,89,0.9,120,3.0,80,0.0,0.0,--,0.00,--,0,--,2023-10-24
06,1013.5,1017.0,23.7,21.6,88,1.2,180,2.0,180,0.0,0.0,0.0,0.00,--,0,--,2023-10-24
07,1014.2,1017.7,24.3,21.8,86,0.7,180,1.6,180,0.0,0.0,0.3,0.19,--,0,--,2023-10-24
08,1014.7,1018.2,25.5,21.8,80,1.0,200,2.1,190,0.0,0.0,0.9,0.59,40.0,1,6.0,2023-10-24
09,1014.9,1018.4,27.2,22.2,74,0.8,150,2.3,70,0.0,0.0,0.9,1.78,35.0,3,9.0,2023-10-24
10,1014.6,1018.1,28.6,22.8,71,0.9,110,3.0,130,0.0,0.0,0.4,1.55,--,4,--,2023-10-24
11,1013.4,1016.9,29.5,22.0,64,0.8,160,1.7,70,0.0,0.0,0.5,1.92,50.0,5,9.0,2023-10-24
12,1012.5,1016.0,29.9,22.6,65,1.2,350,3.2,350,0.0,0.0,0.2,1.59,--,5,--,2023-10-24
13,1011.5,1015.0,30.5,22.9,64,0.5,310,3.9,330,0.0,0.0,0.2,1.62,--,5,--,2023-10-24
14,1011.0,1014.5,30.5,22.4,62,1.0,320,4.4,360,0.0,0.0,0.7,2.04,20.0,5,8.0,2023-10-24
15,1011.2,1014.7,29.6,23.1,68,2.0,330,5.8,340,0.0,0.0,0.1,1.19,--,3,--,2023-10-24
16,1011.7,1015.2,27.2,22.8,77,3.9,90,8.7,70,0.0,0.0,0.0,0.51,--,1,--,2023-10-24
17,1012.0,1015.5,26.5,22.8,80,3.0,80,9.8,90,0.0,0.0,0.0,0.18,30.0,0,4.0,2023-10-24
18,1012.4,1015.9,26.0,22.9,83,3.1,110,9.0,80,0.0,0.0,0.0,0.01,--,0,--,2023-10-24
19,1012.8,1016.3,25.7,23.0,85,3.1,90,8.7,130,0.0,0.0,0.0,0.00,--,0,--,2023-10-24
20,1013.4,1016.9,25.7,23.4,87,1.9,100,7.5,120,0.0,0.0,--,0.00,--,0,--,2023-10-24
21,1013.4,1016.9,25.6,23.7,89,2.3,100,8.5,40,0.0,0.0,--,0.00,--,0,--,2023-10-24
22,1013.4,1016.9,25.5,23.7,90,2.9,100,7.0,60,0.0,0.0,--,0.00,--,0,--,2023-10-24
23,1013.1,1016.6,25.4,23.3,88,2.5,90,6.1,90,0.0,0.0,--,0.00,--,0,--,2023-10-24
24,1013.0,1016.5,25.4,23.3,88,2.0,90,7.4,90,0.0,0.0,--,0.00,--,0,--,2023-10-24
01,1012.8,1016.3,25.3,23.5,90,1.9,90,5.3,40,0.0,0.0,--,0.00,--,0,--,2023-10-25
02,1012.7,1016.2,25.1,23.7,92,1.9,100,4.6,60,0.0,0.0,--,0.00,--,0,--,2023-10-25
03,1012.4,1015.9,25.0,23.4,91,2.3,140,4.6,110,0.0,0.0,--,0.00,--,0,--,2023-10-25
04,1012.3,1015.8,24.9,23.5,92,2.1,120,5.0,90,0.0,0.0,--,0.00,--,0,--,2023-10-25
05,1012.5,1016.0,24.5,23.5,94,1.6,110,4.4,90,0.0,0.0,--,0.00,--,0,--,2023-10-25
06,1012.7,1016.2,24.5,23.3,93,2.0,130,4.4,110,0.0,0.0,0.0,0.00,--,0,--,2023-10-25
07,1013.0,1016.5,24.8,23.4,92,1.7,110,4.8,120,0.0,0.0,0.4,0.21,--,0,--,2023-10-25
08,1013.7,1017.2,26.1,23.4,85,2.9,90,6.9,100,0.0,0.0,0.8,0.87,60.0,1,3.0,2023-10-25
09,1013.6,1017.1,27.6,23.2,77,2.5,90,7.9,80,0.0,0.0,1.0,1.74,60.0,3,2.0,2023-10-25
10,1012.9,1016.4,28.5,23.2,73,4.0,100,7.9,100,0.0,0.0,1.0,2.30,--,5,--,2023-10-25
11,1012.1,1015.6,29.7,22.7,66,2.9,40,8.1,70,0.0,0.0,1.0,2.73,60.0,7,2.0,2023-10-25
12,1011.8,1015.3,29.1,21.9,65,3.1,70,9.2,80,0.0,0.0,1.0,2.94,--,8,--,2023-10-25
13,1011.1,1014.6,29.5,22.7,67,5.1,40,10.9,100,0.0,0.0,1.0,2.87,--,8,--,2023-10-25
14,1010.4,1013.9,29.1,22.6,68,3.2,50,10.6,60,0.0,0.0,1.0,2.51,60.0,6,2.0,2023-10-25
15,1010.5,1014.0,28.0,21.8,69,4.2,90,11.6,80,0.0,0.0,1.0,1.90,--,3,--,2023-10-25
16,1010.9,1014.4,27.1,21.6,72,4.0,90,12.0,80,0.0,0.0,1.0,1.14,--,1,--,2023-10-25
17,1011.4,1014.9,26.3,21.7,76,4.0,90,11.1,80,0.0,0.0,1.0,0.41,50.0,0,2.0,2023-10-25
18,1012.1,1015.6,25.9,22.4,81,4.1,90,10.8,90,0.0,0.0,0.1,0.01,--,0,--,2023-10-25
19,1012.5,1016.0,25.6,21.7,79,3.6,90,9.0,80,0.0,0.0,0.0,0.00,--,0,--,2023-10-25
20,1013.1,1016.6,25.5,22.0,81,2.8,90,8.8,90,0.0,0.0,--,0.00,--,0,--,2023-10-25
21,1013.0,1016.5,25.2,21.7,81,2.8,100,8.3,70,0.0,0.0,--,0.00,--,0,--,2023-10-25
22,1012.6,1016.1,24.9,21.6,82,3.3,90,7.5,70,0.0,0.0,--,0.00,--,0,--,2023-10-25
23,1012.4,1015.9,24.8,21.5,82,3.4,80,7.9,70,0.0,0.0,--,0.00,--,0,--,2023-10-25
24,1011.7,1015.2,24.8,21.3,81,2.7,90,7.5,70,0.0,0.0,--,0.00,--,0,--,2023-10-25
01,1011.2,1014.7,24.5,20.8,80,2.5,90,8.3,80,0.0,0.0,--,0.00,--,0,--,2023-10-26
02,1010.6,1014.1,24.3,20.8,81,2.5,90,7.2,70,0.0,0.0,--,0.00,--,0,--,2023-10-26
03,1010.3,1013.8,24.2,20.7,81,3.2,90,7.2,90,0.0,0.0,--,0.00,--,0,--,2023-10-26
04,1010.3,1013.8,24.1,20.4,80,2.4,90,7.3,70,0.0,0.0,--,0.00,--,0,--,2023-10-26
05,1010.6,1014.1,24.0,20.5,81,2.5,90,7.2,80,0.0,0.0,--,0.00,--,0,--,2023-10-26
06,1011.2,1014.7,24.1,20.6,81,2.9,90,6.8,80,0.0,0.0,0.0,0.00,--,0,--,2023-10-26
07,1011.7,1015.2,24.5,20.8,80,2.7,90,7.5,90,0.0,0.0,0.6,0.22,--,0,--,2023-10-26
08,1012.6,1016.1,26.1,21.1,74,3.5,90,7.7,100,0.0,0.0,1.0,0.89,50.0,1,1.0,2023-10-26
09,1012.4,1015.9,27.4,21.5,70,2.6,80,8.4,100,0.0,0.0,1.0,1.61,50.0,3,2.0,2023-10-26
10,1011.8,1015.3,28.3,21.4,66,2.5,90,8.8,80,0.0,0.0,1.0,2.27,--,5,--,2023-10-26
11,1011.1,1014.6,28.9,21.4,64,2.6,80,8.3,80,0.0,0.0,1.0,2.68,50.0,7,2.0,2023-10-26
12,1010.6,1014.1,29.5,21.2,61,2.1,110,6.7,100,0.0,0.0,1.0,2.85,--,8,--,2023-10-26
13,1010.0,1013.5,30.1,21.2,59,2.7,60,7.4,30,0.0,0.0,0.8,2.35,--,7,--,2023-10-26
14,1009.5,1013.0,29.9,21.9,62,1.9,60,6.8,30,0.0,0.0,0.9,2.20,50.0,5,3.0,2023-10-26
15,1009.5,1013.0,28.5,20.8,63,2.6,100,8.9,90,0.0,0.0,0.5,1.20,--,3,--,2023-10-26
16,1010.0,1013.5,27.5,20.1,64,4.0,90,8.6,80,0.0,0.0,0.5,0.72,--,1,--,2023-10-26
17,1010.3,1013.8,26.7,19.6,65,3.0,90,9.4,80,0.0,0.0,0.7,0.40,30.0,0,3.0,2023-10-26
18,1010.5,1014.0,26.2,19.8,68,3.3,90,7.9,90,0.0,0.0,0.0,0.01,--,0,--,2023-10-26
19,1010.6,1014.1,26.0,19.4,67,3.4,100,6.9,80,0.0,0.0,0.0,0.00,--,0,--,2023-10-26
20,1011.5,1015.0,25.8,19.9,70,2.9,90,6.7,70,0.0,0.0,--,0.00,--,0,--,2023-10-26
21,1012.0,1015.5,25.8,20.8,74,2.3,90,7.5,70,0.0,0.0,--,0.00,--,0,--,2023-10-26
22,1012.1,1015.6,25.6,20.9,75,2.2,100,6.8,70,0.0,0.0,--,0.00,--,0,--,2023-10-26
23,1011.5,1015.0,25.5,21.0,76,1.5,110,5.0,90,0.0,0.0,--,0.00,--,0,--,2023-10-26
24,1011.1,1014.6,25.6,21.3,77,1.5,100,5.6,90,0.0,0.0,--,0.00,--,0,--,2023-10-26
01,1010.7,1014.2,25.3,21.4,79,1.6,100,4.9,70,0.0,0.0,--,0.00,--,0,--,2023-10-27
02,1010.5,1014.0,25.5,21.4,78,2.1,90,5.5,90,0.0,0.0,--,0.00,--,0,--,2023-10-27
03,1010.0,1013.5,25.3,21.6,80,1.8,90,5.8,90,0.0,0.0,--,0.00,--,0,--,2023-10-27
04,1009.9,1013.4,25.1,21.8,82,1.8,100,6.6,100,0.0,0.0,--,0.00,--,0,--,2023-10-27
05,1010.4,1013.9,24.9,22.2,85,3.2,90,7.6,100,0.0,0.0,--,0.00,--,0,--,2023-10-27
06,1011.2,1014.7,24.7,21.8,84,2.6,100,6.5,90,0.0,0.0,0.0,0.00,--,0,--,2023-10-27
07,1011.7,1015.2,24.4,21.5,84,3.9,90,8.2,80,0.0,0.0,0.0,0.06,--,0,--,2023-10-27
08,1012.2,1015.7,24.3,21.4,84,3.8,90,9.8,100,0.0,0.0,0.0,0.18,40.0,0,10.0,2023-10-27
09,1012.7,1016.2,24.4,20.5,79,4.4,90,10.3,70,T,0.3,0.0,0.48,25.0,1,10.0,2023-10-27
10,1012.7,1016.2,25.0,20.5,76,2.7,80,9.0,70,T,0.1,0.0,0.85,--,2,--,2023-10-27
11,1012.1,1015.6,24.9,20.8,78,2.7,90,10.0,50,0.0,0.0,0.0,0.95,30.0,3,10.0,2023-10-27
12,1011.6,1015.1,25.1,21.0,78,3.8,90,9.0,90,T,0.1,0.0,1.19,--,4,--,2023-10-27
13,1010.9,1014.4,24.3,20.8,81,2.1,60,8.0,110,0.0,0.0,0.0,0.86,--,3,--,2023-10-27
14,1010.7,1014.2,23.7,20.7,83,4.1,100,10.0,80,0.0,0.0,0.0,0.35,30.0,1,10.0,2023-10-27
15,1011.1,1014.7,22.6,19.6,83,4.3,90,10.8,70,T,0.5,0.0,0.24,--,1,--,2023-10-27
16,1011.4,1014.9,23.1,20.1,83,2.7,100,11.8,100,0.0,0.0,0.0,0.39,--,1,--,2023-10-27
17,1011.8,1015.3,22.7,19.9,84,3.5,100,9.0,90,0.0,0.0,0.0,0.08,15.0,0,10.0,2023-10-27
18,1012.4,1016.0,22.5,20.2,87,2.8,90,8.6,80,T,0.5,0.0,0.00,--,0,--,2023-10-27
19,1012.5,1016.1,22.7,20.2,86,3.1,110,7.4,80,0.0,0.0,0.0,0.00,--,0,--,2023-10-27
20,1013.1,1016.7,22.5,19.7,84,3.3,100,8.5,80,0.0,0.0,--,0.00,--,0,--,2023-10-27
21,1013.0,1016.5,23.0,19.0,78,3.2,120,9.0,50,0.0,0.0,--,0.00,--,0,--,2023-10-27
22,1013.1,1016.6,23.3,18.6,75,2.2,100,7.3,80,0.0,0.0,--,0.00,--,0,--,2023-10-27
23,1012.7,1016.2,23.5,18.6,74,2.9,120,6.8,90,0.0,0.0,--,0.00,--,0,--,2023-10-27
24,1012.1,1015.6,23.4,18.9,76,2.3,120,7.1,100,0.0,0.0,--,0.00,--,0,--,2023-10-27
01,1011.8,1015.3,23.5,18.8,75,3.6,90,9.9,100,0.0,0.0,--,0.00,--,0,--,2023-10-28
02,1011.3,1014.8,23.6,18.3,72,2.2,120,7.5,140,0.0,0.0,--,0.00,--,0,--,2023-10-28
03,1010.9,1014.4,23.6,18.9,75,2.7,110,6.9,110,0.0,0.0,--,0.00,--,0,--,2023-10-28
04,1011.2,1014.8,22.0,19.9,88,3.2,120,6.7,80,T,0.2,--,0.00,--,0,--,2023-10-28
05,1011.7,1015.3,22.3,19.9,86,1.2,60,5.9,90,0.0,0.0,--,0.00,--,0,--,2023-10-28
06,1012.8,1016.4,21.4,19.3,88,2.4,120,4.8,110,0.5,0.3,0.0,0.00,--,0,--,2023-10-28
07,1013.8,1017.4,20.6,19.4,93,3.0,90,7.5,100,0.5,0.5,0.0,0.01,--,0,--,2023-10-28
08,1014.2,1017.8,20.3,19.3,94,1.8,120,6.2,60,3.0,1.0,0.0,0.09,15.0,0,10.0,2023-10-28
09,1014.8,1018.4,20.6,19.8,95,2.1,120,5.6,120,1.5,1.0,0.0,0.37,12.0,1,10.0,2023-10-28
10,1014.8,1018.4,20.5,19.2,92,3.9,90,8.8,80,0.5,1.0,0.0,0.35,--,1,--,2023-10-28
11,1014.3,1017.9,20.8,19.5,92,2.9,100,8.8,90,T,1.0,0.0,0.37,25.0,1,10.0,2023-10-28
12,1013.6,1017.2,21.3,19.4,89,3.4,80,8.5,70,T,0.6,0.0,0.54,--,2,--,2023-10-28
13,1012.9,1016.5,21.4,18.8,85,3.6,90,8.5,70,0.0,0.0,0.0,0.49,--,2,--,2023-10-28
14,1012.4,1016.0,21.3,18.3,83,3.5,90,9.5,90,0.0,0.0,0.0,0.34,35.0,1,10.0,2023-10-28
15,1012.0,1015.6,21.6,18.2,81,3.7,90,9.1,90,0.0,0.0,0.0,0.26,--,1,--,2023-10-28
16,1012.2,1015.8,22.2,18.0,77,3.2,90,8.2,80,0.0,0.0,0.0,0.20,--,0,--,2023-10-28
17,1012.5,1016.1,22.2,18.2,78,3.0,90,8.0,110,0.0,0.0,0.0,0.16,35.0,0,8.0,2023-10-28
18,1012.8,1016.4,22.1,17.9,77,3.2,110,7.7,100,0.0,0.0,0.0,0.01,--,0,--,2023-10-28
19,1013.4,1017.0,22.4,17.6,74,2.5,100,7.4,80,0.0,0.0,0.0,0.00,--,0,--,2023-10-28
20,1013.6,1017.2,22.9,16.9,69,2.7,120,6.8,110,0.0,0.0,--,0.00,--,0,--,2023-10-28
21,1013.7,1017.2,23.2,16.5,66,2.7,100,6.0,120,0.0,0.0,--,0.00,--,0,--,2023-10-28
22,1013.8,1017.4,22.8,18.2,75,2.9,100,6.4,80,0.0,0.0,--,0.00,--,0,--,2023-10-28
23,1013.6,1017.2,22.6,18.6,78,3.2,100,7.1,70,0.0,0.0,--,0.00,--,0,--,2023-10-28
24,1013.0,1016.6,22.6,18.8,79,2.6,90,7.3,80,0.0,0.0,--,0.00,--,0,--,2023-10-28
01,1012.6,1016.2,22.6,18.2,76,3.4,90,8.2,80,0.0,0.0,--,0.00,--,0,--,2023-10-29
02,1012.2,1015.7,22.8,18.4,76,3.5,80,9.8,80,0.0,0.0,--,0.00,--,0,--,2023-10-29
03,1011.9,1015.5,22.5,18.9,80,3.7,90,9.5,90,0.0,0.0,--,0.00,--,0,--,2023-10-29
04,1011.9,1015.4,22.8,19.0,79,4.1,90,10.5,80,0.0,0.0,--,0.00,--,0,--,2023-10-29
05,1012.4,1015.9,22.8,18.8,78,3.3,90,9.1,70,0.0,0.0,--,0.00,--,0,--,2023-10-29
06,1012.9,1016.5,22.6,19.0,80,2.8,90,6.7,80,0.0,0.0,0.0,0.00,--,0,--,2023-10-29
07,1013.7,1017.3,22.4,19.0,81,2.8,100,7.1,80,0.0,0.0,0.0,0.06,--,0,--,2023-10-29
08,1014.6,1018.2,22.6,19.0,80,2.0,80,7.5,110,0.0,0.0,0.0,0.17,30.0,0,10.0,2023-10-29
09,1014.8,1018.4,22.5,19.5,83,2.4,90,6.7,80,T,0.9,0.0,0.26,30.0,1,10.0,2023-10-29
10,1014.6,1018.2,23.0,19.4,80,3.9,100,8.5,70,T,0.1,0.0,0.85,--,2,--,2023-10-29
11,1014.2,1017.8,23.2,19.6,80,3.1,90,10.1,80,0.0,0.0,0.0,0.77,30.0,3,10.0,2023-10-29
12,1014.0,1017.6,23.2,18.7,76,2.9,90,9.2,80,0.0,0.0,0.0,0.71,--,2,--,2023-10-29
13,1013.0,1016.5,23.4,19.4,78,2.2,90,7.8,100,0.0,0.0,0.0,0.83,--,3,--,2023-10-29
14,1012.6,1016.1,23.5,19.3,77,2.9,70,7.4,100,T,0.3,0.0,0.55,30.0,2,10.0,2023-10-29
15,1012.7,1016.2,23.3,18.6,75,2.8,90,8.3,90,T,0.1,0.0,0.46,--,1,--,2023-10-29
16,1013.1,1016.6,23.3,18.8,76,2.4,110,9.0,80,0.0,0.0,0.0,0.28,--,1,--,2023-10-29
17,1013.3,1016.8,23.1,18.7,76,2.9,110,8.4,110,0.0,0.0,0.0,0.13,25.0,0,10.0,2023-10-29
18,1013.7,1017.3,23.0,19.0,78,2.7,100,7.2,100,0.0,0.0,0.0,0.00,--,0,--,2023-10-29
19,1014.2,1017.8,23.0,19.0,78,3.4,110,9.0,100,0.0,0.0,0.0,0.00,--,0,--,2023-10-29
20,1014.6,1018.2,23.1,18.9,77,2.5,100,6.9,100,0.0,0.0,--,0.00,--,0,--,2023-10-29
21,1014.5,1018.1,22.9,18.7,77,1.9,90,7.1,80,0.0,0.0,--,0.00,--,0,--,2023-10-29
22,1014.5,1018.1,22.9,18.9,78,3.0,110,6.8,120,0.0,0.0,--,0.00,--,0,--,2023-10-29
23,1014.2,1017.8,23.1,18.4,75,2.3,90,6.2,90,0.0,0.0,--,0.00,--,0,--,2023-10-29
24,1013.9,1017.5,23.1,18.4,75,2.1,100,6.5,80,0.0,0.0,--,0.00,--,0,--,2023-10-29
01,1013.5,1017.1,23.0,17.9,73,2.8,90,5.4,70,0.0,0.0,--,0.00,--,0,--,2023-10-30
02,1012.9,1016.4,22.9,18.2,75,2.7,90,7.1,90,0.0,0.0,--,0.00,--,0,--,2023-10-30
03,1012.8,1016.3,23.0,19.2,79,1.8,100,7.0,70,0.0,0.0,--,0.00,--,0,--,2023-10-30
04,1012.8,1016.4,22.8,19.8,83,2.5,100,6.4,110,0.0,0.0,--,0.00,--,0,--,2023-10-30
05,1012.8,1016.4,22.7,20.4,87,2.6,90,6.0,100,0.0,0.0,--,0.00,--,0,--,2023-10-30
06,1013.4,1017.0,22.7,20.8,89,2.1,90,7.1,110,0.0,0.0,0.0,0.00,--,0,--,2023-10-30
07,1013.9,1017.5,22.8,21.1,90,2.3,100,6.2,80,0.0,0.0,0.0,0.07,--,0,--,2023-10-30
08,1014.7,1018.2,23.6,21.1,86,2.8,90,7.5,100,0.0,0.0,0.0,0.38,30.0,1,9.0,2023-10-30
09,1015.0,1018.5,24.9,20.8,78,2.3,90,7.1,70,0.0,0.0,0.5,1.24,40.0,2,9.0,2023-10-30
10,1014.9,1018.4,25.1,20.6,76,3.1,90,7.7,70,0.0,0.0,0.2,1.26,--,3,--,2023-10-30
11,1014.5,1018.0,26.0,20.8,73,3.5,90,8.1,90,0.0,0.0,0.7,2.33,35.0,6,7.0,2023-10-30
12,1013.9,1017.4,26.2,21.2,74,4.1,100,9.4,100,0.0,0.0,1.0,2.93,--,7,--,2023-10-30
13,1013.1,1016.6,27.1,21.2,70,3.2,90,10.1,80,0.0,0.0,1.0,2.77,--,7,--,2023-10-30
14,1012.7,1016.2,26.7,20.6,69,3.8,90,9.8,90,0.0,0.0,1.0,2.34,30.0,5,5.0,2023-10-30
15,1012.8,1016.3,25.7,19.8,70,3.6,90,10.5,70,0.0,0.0,0.5,1.53,--,3,--,2023-10-30
16,1013.2,1016.7,25.1,20.6,76,3.6,80,10.9,110,0.0,0.0,0.0,0.57,--,1,--,2023-10-30
17,1013.6,1017.1,24.8,20.5,77,2.9,100,9.2,80,0.0,0.0,0.1,0.22,30.0,0,8.0,2023-10-30
18,1014.3,1017.8,24.3,20.8,81,2.5,80,8.2,90,0.0,0.0,0.0,0.01,--,0,--,2023-10-30
19,1014.6,1018.1,23.8,20.7,83,2.6,90,8.1,150,0.0,0.0,0.0,0.00,--,0,--,2023-10-30
20,1015.3,1018.8,23.6,20.7,84,3.0,100,7.8,80,0.0,0.0,--,0.00,--,0,--,2023-10-30
21,1015.6,1019.1,23.7,21.0,85,2.0,100,6.3,80,0.0,0.0,--,0.00,--,0,--,2023-10-30
22,1015.8,1019.3,23.8,21.1,85,2.3,100,6.6,70,0.0,0.0,--,0.00,--,0,--,2023-10-30
23,1015.7,1019.3,23.5,21.4,88,2.1,90,6.3,100,0.0,0.0,--,0.00,--,0,--,2023-10-30
24,1015.6,1019.2,23.5,20.8,85,1.5,70,6.3,80,0.0,0.0,--,0.00,--,0,--,2023-10-30
01,1015.5,1019.1,23.5,20.3,82,2.4,70,6.1,80,0.0,0.0,--,0.00,--,0,--,2023-10-31
02,1015.1,1018.7,23.4,20.7,85,2.6,90,6.3,80,0.0,0.0,--,0.00,--,0,--,2023-10-31
03,1014.6,1018.2,22.9,21.0,89,2.3,100,6.9,90,0.0,0.0,--,0.00,--,0,--,2023-10-31
04,1014.5,1018.1,22.9,20.8,88,3.0,90,8.0,80,0.0,0.0,--,0.00,--,0,--,2023-10-31
05,1015.1,1018.7,22.8,20.7,88,3.1,80,9.0,70,0.0,0.0,--,0.00,--,0,--,2023-10-31
06,1015.7,1019.3,22.5,20.8,90,3.8,90,9.3,80,0.0,0.0,0.0,0.00,--,0,--,2023-10-31
07,1016.3,1019.9,22.6,20.7,89,3.2,80,9.5,70,0.0,0.0,0.0,0.09,--,0,--,2023-10-31
08,1016.9,1020.5,23.2,20.9,87,2.5,90,8.4,90,0.0,0.0,0.1,0.42,60.0,1,9.0,2023-10-31
09,1017.1,1020.6,24.6,20.7,79,2.9,90,8.2,130,0.0,0.0,0.1,0.88,50.0,2,8.0,2023-10-31
10,1016.8,1020.3,25.6,20.9,75,3.7,90,10.1,80,0.0,0.0,0.5,1.77,--,4,--,2023-10-31
11,1016.2,1019.7,25.8,20.8,74,3.8,90,12.1,80,0.0,0.0,0.2,1.31,35.0,4,9.0,2023-10-31
12,1016.0,1019.5,24.9,21.0,79,3.8,100,11.2,90,T,0.1,0.0,0.83,--,3,--,2023-10-31
13,1015.0,1018.5,26.4,20.0,68,3.4,80,9.6,100,0.0,0.0,0.4,2.22,--,6,--,2023-10-31
14,1014.6,1018.1,25.7,20.5,73,3.5,80,11.5,80,0.0,0.0,0.6,1.98,35.0,4,8.0,2023-10-31
15,1014.7,1018.2,24.8,20.3,76,4.2,80,13.0,80,0.0,0.0,0.3,1.15,--,2,--,2023-10-31
16,1015.1,1018.6,24.5,20.8,80,3.1,90,9.2,110,0.0,0.0,0.0,0.41,--,1,--,2023-10-31
17,1015.2,1018.7,24.4,20.9,81,3.3,80,7.7,110,0.0,0.0,0.3,0.26,25.0,0,7.0,2023-10-31
18,1015.5,1019.0,24.2,20.9,82,2.6,100,7.5,80,0.0,0.0,0.0,0.01,--,0,--,2023-10-31
19,1016.4,1019.9,24.2,20.9,82,2.4,100,9.0,90,0.0,0.0,0.0,0.00,--,0,--,2023-10-31
20,1016.8,1020.3,24.1,20.0,78,2.3,100,8.1,80,0.0,0.0,--,0.00,--,0,--,2023-10-31
21,1017.0,1020.6,23.0,20.5,86,2.4,100,11.0,80,0.0,0.0,--,0.00,--,0,--,2023-10-31
22,1016.8,1020.4,23.3,20.3,83,2.4,100,8.8,100,0.0,0.0,--,0.00,--,0,--,2023-10-31
23,1016.8,1020.4,22.2,21.2,94,2.8,90,9.2,100,T,0.1,--,0.00,--,0,--,2023-10-31
24,1016.4,1020.0,22.6,20.9,90,2.3,80,6.4,70,0.0,0.0,--,0.00,--,0,--,2023-10-31
